#
# There is insufficient memory for the Java Runtime Environment to continue.
# Native memory allocation (mmap) failed to map 71303168 bytes. Error detail: G1 virtual space
# Possible reasons:
#   The system is out of physical RAM or swap space
#   This process is running with CompressedOops enabled, and the Java Heap may be blocking the growth of the native heap
# Possible solutions:
#   Reduce memory load on the system
#   Increase physical memory or swap space
#   Check if swap backing store is full
#   Decrease Java heap size (-Xmx/-Xms)
#   Decrease number of Java threads
#   Decrease Java thread stack sizes (-Xss)
#   Set larger code cache with -XX:ReservedCodeCacheSize=
#   JVM is running with Unscaled Compressed Oops mode in which the Java heap is
#     placed in the first 4GB address space. The Java Heap base address is the
#     maximum limit for the native heap growth. Please use -XX:HeapBaseMinAddress
#     to set the Java Heap base and to place the Java Heap above 4GB virtual address.
# This output file may be truncated or incomplete.
#
#  Out of Memory Error (os_windows.cpp:3686), pid=25400, tid=4288
#
# JRE version: OpenJDK Runtime Environment Temurin-21.0.7+6 (21.0.7+6) (build 21.0.7+6-LTS)
# Java VM: OpenJDK 64-Bit Server VM Temurin-21.0.7+6 (21.0.7+6-LTS, mixed mode, sharing, tiered, compressed oops, compressed class ptrs, g1 gc, windows-amd64)
# No core dump will be written. Minidumps are not enabled by default on client versions of Windows
#

---------------  S U M M A R Y ------------

Command Line: --add-opens=java.base/java.lang=ALL-UNNAMED --add-opens=java.base/java.lang.invoke=ALL-UNNAMED --add-opens=java.base/java.util=ALL-UNNAMED --add-opens=java.prefs/java.util.prefs=ALL-UNNAMED --add-exports=jdk.compiler/com.sun.tools.javac.api=ALL-UNNAMED --add-exports=jdk.compiler/com.sun.tools.javac.util=ALL-UNNAMED --add-opens=java.base/java.nio.charset=ALL-UNNAMED --add-opens=java.base/java.net=ALL-UNNAMED --add-opens=java.base/java.util.concurrent=ALL-UNNAMED --add-opens=java.base/java.util.concurrent.atomic=ALL-UNNAMED --add-opens=java.xml/javax.xml.namespace=ALL-UNNAMED --add-opens=java.base/java.time=ALL-UNNAMED -Xmx2048m -Dfile.encoding=UTF-8 -Duser.country=ID -Duser.language=en -Duser.variant -javaagent:C:\Users\HP\.gradle\wrapper\dists\gradle-9.5.0-bin\bvnork1r7n8i6kp5cnkibsc9q\gradle-9.5.0\lib\agents\gradle-instrumentation-agent-9.5.0.jar org.gradle.launcher.daemon.bootstrap.GradleDaemon 9.5.0

Host: 12th Gen Intel(R) Core(TM) i5-12450H, 12 cores, 15G,  Windows 11 , 64 bit Build 26100 (10.0.26100.9444)
Time: Sun Oct  4 21:47:33 2026 SE Asia Standard Time elapsed time: 12.065582 seconds (0d 0h 0m 12s)

---------------  T H R E A D  ---------------

Current thread (0x0000016b7b976af0):  VMThread "VM Thread"          [id=4288, stack(0x0000002de3f00000,0x0000002de4000000) (1024K)]

Stack: [0x0000002de3f00000,0x0000002de4000000]
Native frames: (J=compiled Java code, j=interpreted, Vv=VM code, C=native code)
V  [jvm.dll+0x6ce119]
V  [jvm.dll+0x8a84a1]
V  [jvm.dll+0x8aa9ce]
V  [jvm.dll+0x8ab0b3]
V  [jvm.dll+0x27f8a6]
V  [jvm.dll+0x6ca945]
V  [jvm.dll+0x6bebea]
V  [jvm.dll+0x355eca]
V  [jvm.dll+0x35da96]
V  [jvm.dll+0x3af72e]
V  [jvm.dll+0x3af9d8]
V  [jvm.dll+0x32a05c]
V  [jvm.dll+0x32a0e7]
V  [jvm.dll+0x36deac]
V  [jvm.dll+0x36c6f8]
V  [jvm.dll+0x329821]
V  [jvm.dll+0x36bd6a]
V  [jvm.dll+0x8b0dcf]
V  [jvm.dll+0x8b2154]
V  [jvm.dll+0x8b2690]
V  [jvm.dll+0x8b2933]
V  [jvm.dll+0x851f6b]
V  [jvm.dll+0x6cc7dd]
C  [ucrtbase.dll+0x2cd30]
C  [KERNEL32.DLL+0x2cd87]
C  [ntdll.dll+0xacaec]

VM_Operation (0x0000002de82fd360): G1CollectForAllocation, mode: safepoint, requested by thread 0x0000016b7d86e0c0


---------------  P R O C E S S  ---------------

Threads class SMR info:
_java_thread_list=0x0000016b7c629200, length=59, elements={
0x0000016b6bdf7730, 0x0000016b7c3b4430, 0x0000016b7c3b4c90, 0x0000016b7c3bdf00,
0x0000016b7c3bf2d0, 0x0000016b7c3bec40, 0x0000016b7c3bf960, 0x0000016b7c3caee0,
0x0000016b7c3cea40, 0x0000016b7c3c0680, 0x0000016b7c3bfff0, 0x0000016b7c3c0d10,
0x0000016b7c3c13a0, 0x0000016b7c3c1a30, 0x0000016b7eb09e70, 0x0000016b7eb07080,
0x0000016b7eb08430, 0x0000016b7eb07710, 0x0000016b7eb0a500, 0x0000016b7eb08ac0,
0x0000016b7eb0ab90, 0x0000016b7eb0b220, 0x0000016b7eb097e0, 0x0000016b7eb09150,
0x0000016b7eb07da0, 0x0000016b7eb0d980, 0x0000016b7eb0e6a0, 0x0000016b7eb0c5d0,
0x0000016b7eb0bf40, 0x0000016b7eb0cc60, 0x0000016b7eb0b8b0, 0x0000016b7eb0e010,
0x0000016b7fa41930, 0x0000016b7fa3fef0, 0x0000016b7fa3e4b0, 0x0000016b7fa41fc0,
0x0000016b7fa3eb40, 0x0000016b7fa42650, 0x0000016b7ddf59e0, 0x0000016b5477e180,
0x0000016b7fa3f1d0, 0x0000016b7fa42ce0, 0x0000016b7fa3f860, 0x0000016b7fa45440,
0x0000016b7fa43370, 0x0000016b7fa45ad0, 0x0000016b7fa43a00, 0x0000016b7fa44720,
0x0000016b7fa44090, 0x0000016b7fa44db0, 0x0000016b7d86d3a0, 0x0000016b7d86da30,
0x0000016b7d86c680, 0x0000016b7d86ede0, 0x0000016b7d86b960, 0x0000016b7d86bff0,
0x0000016b7d86e0c0, 0x0000016b7d86cd10, 0x0000016b7d86e750
}

Java Threads: ( => current thread )
  0x0000016b6bdf7730 JavaThread "main"                              [_thread_blocked, id=12912, stack(0x0000002de3800000,0x0000002de3900000) (1024K)]
  0x0000016b7c3b4430 JavaThread "Reference Handler"          daemon [_thread_blocked, id=4776, stack(0x0000002de4000000,0x0000002de4100000) (1024K)]
  0x0000016b7c3b4c90 JavaThread "Finalizer"                  daemon [_thread_blocked, id=30460, stack(0x0000002de4100000,0x0000002de4200000) (1024K)]
  0x0000016b7c3bdf00 JavaThread "Signal Dispatcher"          daemon [_thread_blocked, id=32640, stack(0x0000002de4200000,0x0000002de4300000) (1024K)]
  0x0000016b7c3bf2d0 JavaThread "Attach Listener"            daemon [_thread_blocked, id=11636, stack(0x0000002de4300000,0x0000002de4400000) (1024K)]
  0x0000016b7c3bec40 JavaThread "Service Thread"             daemon [_thread_blocked, id=32488, stack(0x0000002de4400000,0x0000002de4500000) (1024K)]
  0x0000016b7c3bf960 JavaThread "Monitor Deflation Thread"   daemon [_thread_blocked, id=3016, stack(0x0000002de4500000,0x0000002de4600000) (1024K)]
  0x0000016b7c3caee0 JavaThread "C2 CompilerThread0"         daemon [_thread_blocked, id=29032, stack(0x0000002de4600000,0x0000002de4700000) (1024K)]
  0x0000016b7c3cea40 JavaThread "C1 CompilerThread0"         daemon [_thread_blocked, id=30196, stack(0x0000002de4700000,0x0000002de4800000) (1024K)]
  0x0000016b7c3c0680 JavaThread "Common-Cleaner"             daemon [_thread_blocked, id=32404, stack(0x0000002de4800000,0x0000002de4900000) (1024K)]
  0x0000016b7c3bfff0 JavaThread "Notification Thread"        daemon [_thread_blocked, id=25204, stack(0x0000002de4a00000,0x0000002de4b00000) (1024K)]
  0x0000016b7c3c0d10 JavaThread "Daemon health stats"               [_thread_blocked, id=32204, stack(0x0000002de5100000,0x0000002de5200000) (1024K)]
  0x0000016b7c3c13a0 JavaThread "Incoming local TCP Connector on port 51199"        [_thread_in_native, id=30832, stack(0x0000002de5200000,0x0000002de5300000) (1024K)]
  0x0000016b7c3c1a30 JavaThread "Daemon periodic checks"            [_thread_blocked, id=32336, stack(0x0000002de5300000,0x0000002de5400000) (1024K)]
  0x0000016b7eb09e70 JavaThread "Daemon"                            [_thread_blocked, id=32044, stack(0x0000002de5400000,0x0000002de5500000) (1024K)]
  0x0000016b7eb07080 JavaThread "Handler for socket connection from /127.0.0.1:51199 to /127.0.0.1:51200"        [_thread_in_native, id=17036, stack(0x0000002de5500000,0x0000002de5600000) (1024K)]
  0x0000016b7eb08430 JavaThread "Cancel handler"                    [_thread_blocked, id=2868, stack(0x0000002de5600000,0x0000002de5700000) (1024K)]
  0x0000016b7eb07710 JavaThread "Daemon worker"                     [_thread_blocked, id=26888, stack(0x0000002de5700000,0x0000002de5800000) (1024K)]
  0x0000016b7eb0a500 JavaThread "Asynchronous log dispatcher for DefaultDaemonConnection: socket connection from /127.0.0.1:51199 to /127.0.0.1:51200"        [_thread_blocked, id=32036, stack(0x0000002de5800000,0x0000002de5900000) (1024K)]
  0x0000016b7eb08ac0 JavaThread "Stdin handler"                     [_thread_blocked, id=29168, stack(0x0000002de5900000,0x0000002de5a00000) (1024K)]
  0x0000016b7eb0ab90 JavaThread "Daemon client event forwarder"        [_thread_blocked, id=27868, stack(0x0000002de5a00000,0x0000002de5b00000) (1024K)]
  0x0000016b7eb0b220 JavaThread "Cache worker for journal cache (C:\Users\HP\.gradle\caches\journal-1)"        [_thread_blocked, id=7944, stack(0x0000002de5b00000,0x0000002de5c00000) (1024K)]
  0x0000016b7eb097e0 JavaThread "File lock request listener"        [_thread_in_native, id=30232, stack(0x0000002de5c00000,0x0000002de5d00000) (1024K)]
  0x0000016b7eb09150 JavaThread "Cache worker for file hash cache (C:\Users\HP\.gradle\caches\9.5.0\fileHashes)"        [_thread_blocked, id=20216, stack(0x0000002de5d00000,0x0000002de5e00000) (1024K)]
  0x0000016b7eb07da0 JavaThread "File lock release action executor"        [_thread_blocked, id=26072, stack(0x0000002de5e00000,0x0000002de5f00000) (1024K)]
  0x0000016b7eb0d980 JavaThread "Cache worker for file hash cache (D:\Titipan romi\pemmob\.gradle\9.5.0\fileHashes)"        [_thread_blocked, id=32792, stack(0x0000002de6500000,0x0000002de6600000) (1024K)]
  0x0000016b7eb0e6a0 JavaThread "Cache worker for Build Output Cleanup Cache (D:\Titipan romi\pemmob\.gradle\buildOutputCleanup)"        [_thread_blocked, id=32796, stack(0x0000002de6600000,0x0000002de6700000) (1024K)]
  0x0000016b7eb0c5d0 JavaThread "File watcher server"        daemon [_thread_in_native, id=32872, stack(0x0000002de6700000,0x0000002de6800000) (1024K)]
  0x0000016b7eb0bf40 JavaThread "File watcher consumer"      daemon [_thread_blocked, id=32876, stack(0x0000002de6800000,0x0000002de6900000) (1024K)]
  0x0000016b7eb0cc60 JavaThread "jar transforms"                    [_thread_blocked, id=32880, stack(0x0000002de6900000,0x0000002de6a00000) (1024K)]
  0x0000016b7eb0b8b0 JavaThread "jar transforms Thread 2"           [_thread_blocked, id=32884, stack(0x0000002de6a00000,0x0000002de6b00000) (1024K)]
  0x0000016b7eb0e010 JavaThread "jar transforms Thread 3"           [_thread_blocked, id=32888, stack(0x0000002de6b00000,0x0000002de6c00000) (1024K)]
  0x0000016b7fa41930 JavaThread "Cache worker for file content cache (C:\Users\HP\.gradle\caches\9.5.0\fileContent)"        [_thread_blocked, id=32900, stack(0x0000002de6c00000,0x0000002de6d00000) (1024K)]
  0x0000016b7fa3fef0 JavaThread "Cache worker for checksums cache (D:\Titipan romi\pemmob\.gradle\9.5.0\checksums)"        [_thread_blocked, id=32904, stack(0x0000002de6d00000,0x0000002de6e00000) (1024K)]
  0x0000016b7fa3e4b0 JavaThread "Cache worker for cache directory md-supplier (C:\Users\HP\.gradle\caches\9.5.0\md-supplier)"        [_thread_blocked, id=32912, stack(0x0000002de6e00000,0x0000002de6f00000) (1024K)]
  0x0000016b7fa41fc0 JavaThread "Cache worker for cache directory md-rule (C:\Users\HP\.gradle\caches\9.5.0\md-rule)"        [_thread_blocked, id=32916, stack(0x0000002de6f00000,0x0000002de7000000) (1024K)]
  0x0000016b7fa3eb40 JavaThread "jar transforms Thread 4"           [_thread_blocked, id=33004, stack(0x0000002de4900000,0x0000002de4a00000) (1024K)]
  0x0000016b7fa42650 JavaThread "jar transforms Thread 5"           [_thread_blocked, id=33188, stack(0x0000002de4b00000,0x0000002de4c00000) (1024K)]
  0x0000016b7ddf59e0 JavaThread "C2 CompilerThread1"         daemon [_thread_in_native, id=33524, stack(0x0000002de7000000,0x0000002de7100000) (1024K)]
  0x0000016b5477e180 JavaThread "C2 CompilerThread2"         daemon [_thread_blocked, id=33544, stack(0x0000002de7100000,0x0000002de7200000) (1024K)]
  0x0000016b7fa3f1d0 JavaThread "jar transforms Thread 6"           [_thread_blocked, id=32824, stack(0x0000002de7200000,0x0000002de7300000) (1024K)]
  0x0000016b7fa42ce0 JavaThread "jar transforms Thread 7"           [_thread_blocked, id=7032, stack(0x0000002de7300000,0x0000002de7400000) (1024K)]
  0x0000016b7fa3f860 JavaThread "jar transforms Thread 8"           [_thread_blocked, id=24788, stack(0x0000002de7400000,0x0000002de7500000) (1024K)]
  0x0000016b7fa45440 JavaThread "jar transforms Thread 9"           [_thread_blocked, id=32504, stack(0x0000002de7500000,0x0000002de7600000) (1024K)]
  0x0000016b7fa43370 JavaThread "jar transforms Thread 10"          [_thread_blocked, id=15404, stack(0x0000002de7600000,0x0000002de7700000) (1024K)]
  0x0000016b7fa45ad0 JavaThread "jar transforms Thread 11"          [_thread_blocked, id=22460, stack(0x0000002de7700000,0x0000002de7800000) (1024K)]
  0x0000016b7fa43a00 JavaThread "jar transforms Thread 12"          [_thread_blocked, id=28660, stack(0x0000002de7800000,0x0000002de7900000) (1024K)]
  0x0000016b7fa44720 JavaThread "shaded jar writer"          daemon [_thread_blocked, id=19428, stack(0x0000002de7900000,0x0000002de7a00000) (1024K)]
  0x0000016b7fa44090 JavaThread "Build operations"                  [_thread_blocked, id=27352, stack(0x0000002de7a00000,0x0000002de7b00000) (1024K)]
  0x0000016b7fa44db0 JavaThread "Build operations Thread 2"         [_thread_blocked, id=1176, stack(0x0000002de7b00000,0x0000002de7c00000) (1024K)]
  0x0000016b7d86d3a0 JavaThread "Build operations Thread 3"         [_thread_blocked, id=32596, stack(0x0000002de7c00000,0x0000002de7d00000) (1024K)]
  0x0000016b7d86da30 JavaThread "Build operations Thread 4"         [_thread_blocked, id=32264, stack(0x0000002de7d00000,0x0000002de7e00000) (1024K)]
  0x0000016b7d86c680 JavaThread "Build operations Thread 5"         [_thread_blocked, id=3008, stack(0x0000002de7e00000,0x0000002de7f00000) (1024K)]
  0x0000016b7d86ede0 JavaThread "Build operations Thread 6"         [_thread_blocked, id=13512, stack(0x0000002de7f00000,0x0000002de8000000) (1024K)]
  0x0000016b7d86b960 JavaThread "Build operations Thread 7"         [_thread_blocked, id=15080, stack(0x0000002de8000000,0x0000002de8100000) (1024K)]
  0x0000016b7d86bff0 JavaThread "Build operations Thread 8"         [_thread_blocked, id=25200, stack(0x0000002de8100000,0x0000002de8200000) (1024K)]
  0x0000016b7d86e0c0 JavaThread "Build operations Thread 9"         [_thread_blocked, id=2748, stack(0x0000002de8200000,0x0000002de8300000) (1024K)]
  0x0000016b7d86cd10 JavaThread "Build operations Thread 10"        [_thread_blocked, id=4636, stack(0x0000002de8300000,0x0000002de8400000) (1024K)]
  0x0000016b7d86e750 JavaThread "Build operations Thread 11"        [_thread_blocked, id=23028, stack(0x0000002de8400000,0x0000002de8500000) (1024K)]
Total: 59

Other Threads:
=>0x0000016b7b976af0 VMThread "VM Thread"                           [id=4288, stack(0x0000002de3f00000,0x0000002de4000000) (1024K)]
  0x0000016b7b968c10 WatcherThread "VM Periodic Task Thread"        [id=31704, stack(0x0000002de3e00000,0x0000002de3f00000) (1024K)]
  0x0000016b6e2c5930 WorkerThread "GC Thread#0"                     [id=14352, stack(0x0000002de3900000,0x0000002de3a00000) (1024K)]
  0x0000016b7c6c7ac0 WorkerThread "GC Thread#1"                     [id=3092, stack(0x0000002de4c00000,0x0000002de4d00000) (1024K)]
  0x0000016b7c6cfe30 WorkerThread "GC Thread#2"                     [id=24380, stack(0x0000002de4d00000,0x0000002de4e00000) (1024K)]
  0x0000016b7c6d01d0 WorkerThread "GC Thread#3"                     [id=17936, stack(0x0000002de4e00000,0x0000002de4f00000) (1024K)]
  0x0000016b7c6d0570 WorkerThread "GC Thread#4"                     [id=10604, stack(0x0000002de4f00000,0x0000002de5000000) (1024K)]
  0x0000016b7ca8f380 WorkerThread "GC Thread#5"                     [id=28068, stack(0x0000002de5000000,0x0000002de5100000) (1024K)]
  0x0000016b7e2dcda0 WorkerThread "GC Thread#6"                     [id=32480, stack(0x0000002de5f00000,0x0000002de6000000) (1024K)]
  0x0000016b7e2dd140 WorkerThread "GC Thread#7"                     [id=23724, stack(0x0000002de6000000,0x0000002de6100000) (1024K)]
  0x0000016b7e2dd880 WorkerThread "GC Thread#8"                     [id=7796, stack(0x0000002de6100000,0x0000002de6200000) (1024K)]
  0x0000016b7e2dbf20 WorkerThread "GC Thread#9"                     [id=24224, stack(0x0000002de6200000,0x0000002de6300000) (1024K)]
  0x0000016b6e2d6a20 ConcurrentGCThread "G1 Main Marker"            [id=27576, stack(0x0000002de3a00000,0x0000002de3b00000) (1024K)]
  0x0000016b6e2d9000 WorkerThread "G1 Conc#0"                       [id=27308, stack(0x0000002de3b00000,0x0000002de3c00000) (1024K)]
  0x0000016b7e2dc2c0 WorkerThread "G1 Conc#1"                       [id=21020, stack(0x0000002de6300000,0x0000002de6400000) (1024K)]
  0x0000016b54e4e310 WorkerThread "G1 Conc#2"                       [id=29288, stack(0x0000002de6400000,0x0000002de6500000) (1024K)]
  0x0000016b7b8b6720 ConcurrentGCThread "G1 Refine#0"               [id=11704, stack(0x0000002de3c00000,0x0000002de3d00000) (1024K)]
  0x0000016b7b8b6b50 ConcurrentGCThread "G1 Service"                [id=20660, stack(0x0000002de3d00000,0x0000002de3e00000) (1024K)]
Total: 18

Threads with active compile tasks:
C2 CompilerThread0  12093 8365       4       org.objectweb.asm.ClassWriter::toByteArray (1535 bytes)
C2 CompilerThread1  12093 8081       4       org.objectweb.asm.ClassReader::readCode (5117 bytes)
C2 CompilerThread2  12093 7408       4       org.objectweb.asm.MethodWriter::visitLabel (332 bytes)
Total: 3

VM state: at safepoint (normal execution)

VM Mutex/Monitor currently owned by a thread:  ([mutex/lock_event])
[0x00007fffc28ae308] Threads_lock - owner thread: 0x0000016b7b976af0
[0x00007fffc28ae408] Heap_lock - owner thread: 0x0000016b7d86e0c0

Heap address: 0x0000000080000000, size: 2048 MB, Compressed Oops mode: 32-bit

CDS archive(s) mapped at: [0x0000016b0f000000-0x0000016b0fc80000-0x0000016b0fc80000), size 13107200, SharedBaseAddress: 0x0000016b0f000000, ArchiveRelocationMode: 1.
Compressed class space mapped at: 0x0000016b10000000-0x0000016b50000000, reserved size: 1073741824
Narrow klass base: 0x0000016b0f000000, Narrow klass shift: 0, Narrow klass range: 0x100000000

GC Precious Log:
 CardTable entry size: 512
 Card Set container configuration: InlinePtr #cards 5 size 8 Array Of Cards #cards 12 size 40 Howl #buckets 4 coarsen threshold 1843 Howl Bitmap #cards 512 size 80 coarsen threshold 460 Card regions per heap region 1 cards per card region 2048
 CPUs: 12 total, 12 available
 Memory: 16052M
 Large Page Support: Disabled
 NUMA Support: Disabled
 Compressed Oops: Enabled (32-bit)
 Heap Region Size: 1M
 Heap Min Capacity: 8M
 Heap Initial Capacity: 252M
 Heap Max Capacity: 2G
 Pre-touch: Disabled
 Parallel Workers: 10
 Concurrent Workers: 3
 Concurrent Refinement Workers: 10
 Periodic GC: Disabled

Heap:
 garbage-first heap   total 366592K, used 180720K [0x0000000080000000, 0x0000000100000000)
  region size 1024K, 16 young (16384K), 16 survivors (16384K)
 Metaspace       used 51967K, committed 53632K, reserved 1114112K
  class space    used 7105K, committed 7872K, reserved 1048576K

Heap Regions: E=young(eden), S=young(survivor), O=old, HS=humongous(starts), HC=humongous(continues), CS=collection set, F=free, TAMS=top-at-mark-start, PB=parsable bottom
|   0|0x0000000080000000, 0x0000000080100000, 0x0000000080100000|100%|HS|  |TAMS 0x0000000080000000| PB 0x0000000080000000| Complete 
|   1|0x0000000080100000, 0x0000000080200000, 0x0000000080200000|100%|HC|  |TAMS 0x0000000080100000| PB 0x0000000080100000| Complete 
|   2|0x0000000080200000, 0x0000000080300000, 0x0000000080300000|100%|HC|  |TAMS 0x0000000080200000| PB 0x0000000080200000| Complete 
|   3|0x0000000080300000, 0x0000000080400000, 0x0000000080400000|100%|HC|  |TAMS 0x0000000080300000| PB 0x0000000080300000| Complete 
|   4|0x0000000080400000, 0x0000000080500000, 0x0000000080500000|100%| O|  |TAMS 0x0000000080400000| PB 0x0000000080400000| Untracked 
|   5|0x0000000080500000, 0x0000000080600000, 0x0000000080600000|100%| O|  |TAMS 0x0000000080500000| PB 0x0000000080500000| Untracked 
|   6|0x0000000080600000, 0x0000000080700000, 0x0000000080700000|100%| O|  |TAMS 0x0000000080600000| PB 0x0000000080600000| Untracked 
|   7|0x0000000080700000, 0x0000000080800000, 0x0000000080800000|100%| O|  |TAMS 0x0000000080700000| PB 0x0000000080700000| Untracked 
|   8|0x0000000080800000, 0x0000000080900000, 0x0000000080900000|100%|HS|  |TAMS 0x0000000080800000| PB 0x0000000080800000| Complete 
|   9|0x0000000080900000, 0x0000000080a00000, 0x0000000080a00000|100%| O|  |TAMS 0x0000000080900000| PB 0x0000000080900000| Untracked 
|  10|0x0000000080a00000, 0x0000000080b00000, 0x0000000080b00000|100%| O|  |TAMS 0x0000000080a00000| PB 0x0000000080a00000| Untracked 
|  11|0x0000000080b00000, 0x0000000080c00000, 0x0000000080c00000|100%| O|  |TAMS 0x0000000080b00000| PB 0x0000000080b00000| Untracked 
|  12|0x0000000080c00000, 0x0000000080d00000, 0x0000000080d00000|100%| O|  |TAMS 0x0000000080c00000| PB 0x0000000080c00000| Untracked 
|  13|0x0000000080d00000, 0x0000000080e00000, 0x0000000080e00000|100%| O|  |TAMS 0x0000000080d00000| PB 0x0000000080d00000| Untracked 
|  14|0x0000000080e00000, 0x0000000080f00000, 0x0000000080f00000|100%| O|  |TAMS 0x0000000080e00000| PB 0x0000000080e00000| Untracked 
|  15|0x0000000080f00000, 0x0000000081000000, 0x0000000081000000|100%| O|  |TAMS 0x0000000080f00000| PB 0x0000000080f00000| Untracked 
|  16|0x0000000081000000, 0x0000000081100000, 0x0000000081100000|100%| O|  |TAMS 0x0000000081000000| PB 0x0000000081000000| Untracked 
|  17|0x0000000081100000, 0x0000000081200000, 0x0000000081200000|100%| O|  |TAMS 0x0000000081100000| PB 0x0000000081100000| Untracked 
|  18|0x0000000081200000, 0x0000000081300000, 0x0000000081300000|100%| O|  |TAMS 0x0000000081200000| PB 0x0000000081200000| Untracked 
|  19|0x0000000081300000, 0x0000000081400000, 0x0000000081400000|100%| O|  |TAMS 0x0000000081300000| PB 0x0000000081300000| Untracked 
|  20|0x0000000081400000, 0x0000000081500000, 0x0000000081500000|100%| O|  |TAMS 0x0000000081400000| PB 0x0000000081400000| Untracked 
|  21|0x0000000081500000, 0x0000000081600000, 0x0000000081600000|100%| O|  |TAMS 0x0000000081500000| PB 0x0000000081500000| Untracked 
|  22|0x0000000081600000, 0x0000000081700000, 0x0000000081700000|100%| O|  |TAMS 0x0000000081600000| PB 0x0000000081600000| Untracked 
|  23|0x0000000081700000, 0x0000000081800000, 0x0000000081800000|100%| O|  |TAMS 0x0000000081700000| PB 0x0000000081700000| Untracked 
|  24|0x0000000081800000, 0x0000000081900000, 0x0000000081900000|100%| O|  |TAMS 0x0000000081800000| PB 0x0000000081800000| Untracked 
|  25|0x0000000081900000, 0x0000000081a00000, 0x0000000081a00000|100%| O|  |TAMS 0x0000000081900000| PB 0x0000000081900000| Untracked 
|  26|0x0000000081a00000, 0x0000000081b00000, 0x0000000081b00000|100%| O|  |TAMS 0x0000000081a00000| PB 0x0000000081a00000| Untracked 
|  27|0x0000000081b00000, 0x0000000081c00000, 0x0000000081c00000|100%| O|  |TAMS 0x0000000081b00000| PB 0x0000000081b00000| Untracked 
|  28|0x0000000081c00000, 0x0000000081d00000, 0x0000000081d00000|100%| O|  |TAMS 0x0000000081c00000| PB 0x0000000081c00000| Untracked 
|  29|0x0000000081d00000, 0x0000000081e00000, 0x0000000081e00000|100%| O|  |TAMS 0x0000000081d00000| PB 0x0000000081d00000| Untracked 
|  30|0x0000000081e00000, 0x0000000081f00000, 0x0000000081f00000|100%| O|  |TAMS 0x0000000081e00000| PB 0x0000000081e00000| Untracked 
|  31|0x0000000081f00000, 0x0000000082000000, 0x0000000082000000|100%| O|  |TAMS 0x0000000081f00000| PB 0x0000000081f00000| Untracked 
|  32|0x0000000082000000, 0x0000000082100000, 0x0000000082100000|100%| O|  |TAMS 0x0000000082000000| PB 0x0000000082000000| Untracked 
|  33|0x0000000082100000, 0x0000000082200000, 0x0000000082200000|100%|HS|  |TAMS 0x0000000082100000| PB 0x0000000082100000| Complete 
|  34|0x0000000082200000, 0x0000000082300000, 0x0000000082300000|100%| O|  |TAMS 0x0000000082200000| PB 0x0000000082200000| Untracked 
|  35|0x0000000082300000, 0x0000000082400000, 0x0000000082400000|100%| O|  |TAMS 0x0000000082300000| PB 0x0000000082300000| Untracked 
|  36|0x0000000082400000, 0x0000000082500000, 0x0000000082500000|100%| O|  |TAMS 0x0000000082400000| PB 0x0000000082400000| Untracked 
|  37|0x0000000082500000, 0x0000000082600000, 0x0000000082600000|100%| O|  |TAMS 0x0000000082500000| PB 0x0000000082500000| Untracked 
|  38|0x0000000082600000, 0x0000000082700000, 0x0000000082700000|100%| O|  |TAMS 0x0000000082600000| PB 0x0000000082600000| Untracked 
|  39|0x0000000082700000, 0x0000000082800000, 0x0000000082800000|100%| O|  |TAMS 0x0000000082700000| PB 0x0000000082700000| Untracked 
|  40|0x0000000082800000, 0x0000000082900000, 0x0000000082900000|100%| O|  |TAMS 0x0000000082800000| PB 0x0000000082800000| Untracked 
|  41|0x0000000082900000, 0x0000000082a00000, 0x0000000082a00000|100%| O|  |TAMS 0x0000000082900000| PB 0x0000000082900000| Untracked 
|  42|0x0000000082a00000, 0x0000000082b00000, 0x0000000082b00000|100%| O|  |TAMS 0x0000000082a00000| PB 0x0000000082a00000| Untracked 
|  43|0x0000000082b00000, 0x0000000082c00000, 0x0000000082c00000|100%| O|  |TAMS 0x0000000082b00000| PB 0x0000000082b00000| Untracked 
|  44|0x0000000082c00000, 0x0000000082d00000, 0x0000000082d00000|100%| O|  |TAMS 0x0000000082c00000| PB 0x0000000082c00000| Untracked 
|  45|0x0000000082d00000, 0x0000000082e00000, 0x0000000082e00000|100%| O|  |TAMS 0x0000000082d00000| PB 0x0000000082d00000| Untracked 
|  46|0x0000000082e00000, 0x0000000082f00000, 0x0000000082f00000|100%| O|  |TAMS 0x0000000082e00000| PB 0x0000000082e00000| Untracked 
|  47|0x0000000082f00000, 0x0000000083000000, 0x0000000083000000|100%| O|  |TAMS 0x0000000082f00000| PB 0x0000000082f00000| Untracked 
|  48|0x0000000083000000, 0x0000000083100000, 0x0000000083100000|100%| O|  |TAMS 0x0000000083000000| PB 0x0000000083000000| Untracked 
|  49|0x0000000083100000, 0x0000000083200000, 0x0000000083200000|100%| O|  |TAMS 0x0000000083100000| PB 0x0000000083100000| Untracked 
|  50|0x0000000083200000, 0x0000000083300000, 0x0000000083300000|100%| O|  |TAMS 0x0000000083200000| PB 0x0000000083200000| Untracked 
|  51|0x0000000083300000, 0x0000000083400000, 0x0000000083400000|100%| O|  |TAMS 0x0000000083300000| PB 0x0000000083300000| Untracked 
|  52|0x0000000083400000, 0x0000000083500000, 0x0000000083500000|100%| O|  |TAMS 0x0000000083400000| PB 0x0000000083400000| Untracked 
|  53|0x0000000083500000, 0x0000000083600000, 0x0000000083600000|100%| O|  |TAMS 0x0000000083500000| PB 0x0000000083500000| Untracked 
|  54|0x0000000083600000, 0x0000000083700000, 0x0000000083700000|100%| O|  |TAMS 0x0000000083600000| PB 0x0000000083600000| Untracked 
|  55|0x0000000083700000, 0x0000000083800000, 0x0000000083800000|100%| O|  |TAMS 0x0000000083700000| PB 0x0000000083700000| Untracked 
|  56|0x0000000083800000, 0x0000000083900000, 0x0000000083900000|100%| O|  |TAMS 0x0000000083800000| PB 0x0000000083800000| Untracked 
|  57|0x0000000083900000, 0x0000000083a00000, 0x0000000083a00000|100%| O|  |TAMS 0x0000000083900000| PB 0x0000000083900000| Untracked 
|  58|0x0000000083a00000, 0x0000000083b00000, 0x0000000083b00000|100%| O|  |TAMS 0x0000000083a00000| PB 0x0000000083a00000| Untracked 
|  59|0x0000000083b00000, 0x0000000083c00000, 0x0000000083c00000|100%| O|  |TAMS 0x0000000083b00000| PB 0x0000000083b00000| Untracked 
|  60|0x0000000083c00000, 0x0000000083d00000, 0x0000000083d00000|100%| O|  |TAMS 0x0000000083c00000| PB 0x0000000083c00000| Untracked 
|  61|0x0000000083d00000, 0x0000000083e00000, 0x0000000083e00000|100%| O|  |TAMS 0x0000000083d00000| PB 0x0000000083d00000| Untracked 
|  62|0x0000000083e00000, 0x0000000083f00000, 0x0000000083f00000|100%| O|  |TAMS 0x0000000083e00000| PB 0x0000000083e00000| Untracked 
|  63|0x0000000083f00000, 0x0000000084000000, 0x0000000084000000|100%| O|  |TAMS 0x0000000083f00000| PB 0x0000000083f00000| Untracked 
|  64|0x0000000084000000, 0x0000000084100000, 0x0000000084100000|100%| O|  |TAMS 0x0000000084000000| PB 0x0000000084000000| Untracked 
|  65|0x0000000084100000, 0x0000000084200000, 0x0000000084200000|100%| O|  |TAMS 0x0000000084100000| PB 0x0000000084100000| Untracked 
|  66|0x0000000084200000, 0x0000000084300000, 0x0000000084300000|100%| O|  |TAMS 0x0000000084200000| PB 0x0000000084200000| Untracked 
|  67|0x0000000084300000, 0x0000000084400000, 0x0000000084400000|100%| O|  |TAMS 0x0000000084300000| PB 0x0000000084300000| Untracked 
|  68|0x0000000084400000, 0x0000000084500000, 0x0000000084500000|100%| O|  |TAMS 0x0000000084400000| PB 0x0000000084400000| Untracked 
|  69|0x0000000084500000, 0x0000000084600000, 0x0000000084600000|100%| O|  |TAMS 0x0000000084500000| PB 0x0000000084500000| Untracked 
|  70|0x0000000084600000, 0x0000000084700000, 0x0000000084700000|100%| O|  |TAMS 0x0000000084600000| PB 0x0000000084600000| Untracked 
|  71|0x0000000084700000, 0x0000000084800000, 0x0000000084800000|100%| O|  |TAMS 0x0000000084700000| PB 0x0000000084700000| Untracked 
|  72|0x0000000084800000, 0x0000000084900000, 0x0000000084900000|100%| O|  |TAMS 0x0000000084800000| PB 0x0000000084800000| Untracked 
|  73|0x0000000084900000, 0x0000000084a00000, 0x0000000084a00000|100%| O|  |TAMS 0x0000000084900000| PB 0x0000000084900000| Untracked 
|  74|0x0000000084a00000, 0x0000000084b00000, 0x0000000084b00000|100%| O|  |TAMS 0x0000000084a00000| PB 0x0000000084a00000| Untracked 
|  75|0x0000000084b00000, 0x0000000084c00000, 0x0000000084c00000|100%| O|  |TAMS 0x0000000084b00000| PB 0x0000000084b00000| Untracked 
|  76|0x0000000084c00000, 0x0000000084d00000, 0x0000000084d00000|100%| O|  |TAMS 0x0000000084c00000| PB 0x0000000084c00000| Untracked 
|  77|0x0000000084d00000, 0x0000000084e00000, 0x0000000084e00000|100%| O|  |TAMS 0x0000000084d00000| PB 0x0000000084d00000| Untracked 
|  78|0x0000000084e00000, 0x0000000084f00000, 0x0000000084f00000|100%| O|  |TAMS 0x0000000084e00000| PB 0x0000000084e00000| Untracked 
|  79|0x0000000084f00000, 0x0000000085000000, 0x0000000085000000|100%| O|  |TAMS 0x0000000084f00000| PB 0x0000000084f00000| Untracked 
|  80|0x0000000085000000, 0x0000000085100000, 0x0000000085100000|100%| O|  |TAMS 0x0000000085000000| PB 0x0000000085000000| Untracked 
|  81|0x0000000085100000, 0x0000000085200000, 0x0000000085200000|100%| O|  |TAMS 0x0000000085100000| PB 0x0000000085100000| Untracked 
|  82|0x0000000085200000, 0x0000000085300000, 0x0000000085300000|100%| O|  |TAMS 0x0000000085200000| PB 0x0000000085200000| Untracked 
|  83|0x0000000085300000, 0x0000000085400000, 0x0000000085400000|100%| O|  |TAMS 0x0000000085300000| PB 0x0000000085300000| Untracked 
|  84|0x0000000085400000, 0x0000000085500000, 0x0000000085500000|100%| O|  |TAMS 0x0000000085400000| PB 0x0000000085400000| Untracked 
|  85|0x0000000085500000, 0x0000000085600000, 0x0000000085600000|100%| O|  |TAMS 0x0000000085500000| PB 0x0000000085500000| Untracked 
|  86|0x0000000085600000, 0x0000000085700000, 0x0000000085700000|100%| O|  |TAMS 0x0000000085600000| PB 0x0000000085600000| Untracked 
|  87|0x0000000085700000, 0x0000000085800000, 0x0000000085800000|100%| O|  |TAMS 0x0000000085700000| PB 0x0000000085700000| Untracked 
|  88|0x0000000085800000, 0x0000000085900000, 0x0000000085900000|100%| O|  |TAMS 0x0000000085800000| PB 0x0000000085800000| Untracked 
|  89|0x0000000085900000, 0x0000000085a00000, 0x0000000085a00000|100%| O|  |TAMS 0x0000000085900000| PB 0x0000000085900000| Untracked 
|  90|0x0000000085a00000, 0x0000000085b00000, 0x0000000085b00000|100%| O|  |TAMS 0x0000000085a00000| PB 0x0000000085a00000| Untracked 
|  91|0x0000000085b00000, 0x0000000085c00000, 0x0000000085c00000|100%| O|  |TAMS 0x0000000085b00000| PB 0x0000000085b00000| Untracked 
|  92|0x0000000085c00000, 0x0000000085d00000, 0x0000000085d00000|100%| O|  |TAMS 0x0000000085c00000| PB 0x0000000085c00000| Untracked 
|  93|0x0000000085d00000, 0x0000000085e00000, 0x0000000085e00000|100%| O|  |TAMS 0x0000000085d00000| PB 0x0000000085d00000| Untracked 
|  94|0x0000000085e00000, 0x0000000085f00000, 0x0000000085f00000|100%| O|  |TAMS 0x0000000085e00000| PB 0x0000000085e00000| Untracked 
|  95|0x0000000085f00000, 0x0000000086000000, 0x0000000086000000|100%| O|  |TAMS 0x0000000085f00000| PB 0x0000000085f00000| Untracked 
|  96|0x0000000086000000, 0x0000000086100000, 0x0000000086100000|100%| O|  |TAMS 0x0000000086000000| PB 0x0000000086000000| Untracked 
|  97|0x0000000086100000, 0x0000000086200000, 0x0000000086200000|100%| O|  |TAMS 0x0000000086100000| PB 0x0000000086100000| Untracked 
|  98|0x0000000086200000, 0x0000000086300000, 0x0000000086300000|100%| O|  |TAMS 0x0000000086200000| PB 0x0000000086200000| Untracked 
|  99|0x0000000086300000, 0x0000000086400000, 0x0000000086400000|100%| O|  |TAMS 0x0000000086300000| PB 0x0000000086300000| Untracked 
| 100|0x0000000086400000, 0x0000000086500000, 0x0000000086500000|100%| O|  |TAMS 0x0000000086400000| PB 0x0000000086400000| Untracked 
| 101|0x0000000086500000, 0x0000000086600000, 0x0000000086600000|100%| O|  |TAMS 0x0000000086500000| PB 0x0000000086500000| Untracked 
| 102|0x0000000086600000, 0x0000000086700000, 0x0000000086700000|100%| O|  |TAMS 0x0000000086600000| PB 0x0000000086600000| Untracked 
| 103|0x0000000086700000, 0x0000000086800000, 0x0000000086800000|100%| O|  |TAMS 0x0000000086700000| PB 0x0000000086700000| Untracked 
| 104|0x0000000086800000, 0x0000000086900000, 0x0000000086900000|100%| O|  |TAMS 0x0000000086800000| PB 0x0000000086800000| Untracked 
| 105|0x0000000086900000, 0x0000000086a00000, 0x0000000086a00000|100%| O|  |TAMS 0x0000000086900000| PB 0x0000000086900000| Untracked 
| 106|0x0000000086a00000, 0x0000000086b00000, 0x0000000086b00000|100%| O|  |TAMS 0x0000000086a00000| PB 0x0000000086a00000| Untracked 
| 107|0x0000000086b00000, 0x0000000086c00000, 0x0000000086c00000|100%| O|  |TAMS 0x0000000086b00000| PB 0x0000000086b00000| Untracked 
| 108|0x0000000086c00000, 0x0000000086d00000, 0x0000000086d00000|100%| O|  |TAMS 0x0000000086c00000| PB 0x0000000086c00000| Untracked 
| 109|0x0000000086d00000, 0x0000000086e00000, 0x0000000086e00000|100%| O|  |TAMS 0x0000000086d00000| PB 0x0000000086d00000| Untracked 
| 110|0x0000000086e00000, 0x0000000086f00000, 0x0000000086f00000|100%| O|  |TAMS 0x0000000086e00000| PB 0x0000000086e00000| Untracked 
| 111|0x0000000086f00000, 0x0000000087000000, 0x0000000087000000|100%| O|  |TAMS 0x0000000086f00000| PB 0x0000000086f00000| Untracked 
| 112|0x0000000087000000, 0x0000000087100000, 0x0000000087100000|100%| O|  |TAMS 0x0000000087000000| PB 0x0000000087000000| Untracked 
| 113|0x0000000087100000, 0x0000000087200000, 0x0000000087200000|100%| O|  |TAMS 0x0000000087100000| PB 0x0000000087100000| Untracked 
| 114|0x0000000087200000, 0x0000000087300000, 0x0000000087300000|100%|HS|  |TAMS 0x0000000087200000| PB 0x0000000087200000| Complete 
| 115|0x0000000087300000, 0x0000000087400000, 0x0000000087400000|100%|HS|  |TAMS 0x0000000087300000| PB 0x0000000087300000| Complete 
| 116|0x0000000087400000, 0x0000000087500000, 0x0000000087500000|100%| O|  |TAMS 0x0000000087400000| PB 0x0000000087400000| Untracked 
| 117|0x0000000087500000, 0x0000000087600000, 0x0000000087600000|100%| O|  |TAMS 0x0000000087500000| PB 0x0000000087500000| Untracked 
| 118|0x0000000087600000, 0x0000000087700000, 0x0000000087700000|100%| O|  |TAMS 0x0000000087600000| PB 0x0000000087600000| Untracked 
| 119|0x0000000087700000, 0x0000000087800000, 0x0000000087800000|100%| O|  |TAMS 0x0000000087700000| PB 0x0000000087700000| Untracked 
| 120|0x0000000087800000, 0x0000000087900000, 0x0000000087900000|100%| O|  |TAMS 0x0000000087800000| PB 0x0000000087800000| Untracked 
| 121|0x0000000087900000, 0x0000000087a00000, 0x0000000087a00000|100%| O|  |TAMS 0x0000000087900000| PB 0x0000000087900000| Untracked 
| 122|0x0000000087a00000, 0x0000000087b00000, 0x0000000087b00000|100%| O|  |TAMS 0x0000000087a00000| PB 0x0000000087a00000| Untracked 
| 123|0x0000000087b00000, 0x0000000087c00000, 0x0000000087c00000|100%| O|  |TAMS 0x0000000087b00000| PB 0x0000000087b00000| Untracked 
| 124|0x0000000087c00000, 0x0000000087d00000, 0x0000000087d00000|100%| O|  |TAMS 0x0000000087c00000| PB 0x0000000087c00000| Untracked 
| 125|0x0000000087d00000, 0x0000000087e00000, 0x0000000087e00000|100%|HS|  |TAMS 0x0000000087d00000| PB 0x0000000087d00000| Complete 
| 126|0x0000000087e00000, 0x0000000087f00000, 0x0000000087f00000|100%|HS|  |TAMS 0x0000000087e00000| PB 0x0000000087e00000| Complete 
| 127|0x0000000087f00000, 0x0000000088000000, 0x0000000088000000|100%|HS|  |TAMS 0x0000000087f00000| PB 0x0000000087f00000| Complete 
| 128|0x0000000088000000, 0x0000000088100000, 0x0000000088100000|100%|HS|  |TAMS 0x0000000088000000| PB 0x0000000088000000| Complete 
| 129|0x0000000088100000, 0x0000000088200000, 0x0000000088200000|100%|HS|  |TAMS 0x0000000088100000| PB 0x0000000088100000| Complete 
| 130|0x0000000088200000, 0x0000000088300000, 0x0000000088300000|100%| O|  |TAMS 0x0000000088200000| PB 0x0000000088200000| Untracked 
| 131|0x0000000088300000, 0x0000000088400000, 0x0000000088400000|100%| O|  |TAMS 0x0000000088300000| PB 0x0000000088300000| Untracked 
| 132|0x0000000088400000, 0x0000000088500000, 0x0000000088500000|100%| O|  |TAMS 0x0000000088400000| PB 0x0000000088400000| Untracked 
| 133|0x0000000088500000, 0x0000000088600000, 0x0000000088600000|100%| O|  |TAMS 0x0000000088500000| PB 0x0000000088500000| Untracked 
| 134|0x0000000088600000, 0x0000000088700000, 0x0000000088700000|100%| O|  |TAMS 0x0000000088600000| PB 0x0000000088600000| Untracked 
| 135|0x0000000088700000, 0x0000000088800000, 0x0000000088800000|100%| O|  |TAMS 0x0000000088700000| PB 0x0000000088700000| Untracked 
| 136|0x0000000088800000, 0x0000000088900000, 0x0000000088900000|100%| O|  |TAMS 0x0000000088800000| PB 0x0000000088800000| Untracked 
| 137|0x0000000088900000, 0x0000000088a00000, 0x0000000088a00000|100%| O|  |TAMS 0x0000000088900000| PB 0x0000000088900000| Untracked 
| 138|0x0000000088a00000, 0x0000000088b00000, 0x0000000088b00000|100%| O|  |TAMS 0x0000000088a00000| PB 0x0000000088a00000| Untracked 
| 139|0x0000000088b00000, 0x0000000088c00000, 0x0000000088c00000|100%| O|  |TAMS 0x0000000088b00000| PB 0x0000000088b00000| Untracked 
| 140|0x0000000088c00000, 0x0000000088d00000, 0x0000000088d00000|100%| O|  |TAMS 0x0000000088c00000| PB 0x0000000088c00000| Untracked 
| 141|0x0000000088d00000, 0x0000000088e00000, 0x0000000088e00000|100%| O|  |TAMS 0x0000000088d00000| PB 0x0000000088d00000| Untracked 
| 142|0x0000000088e00000, 0x0000000088f00000, 0x0000000088f00000|100%| O|  |TAMS 0x0000000088e00000| PB 0x0000000088e00000| Untracked 
| 143|0x0000000088f00000, 0x0000000089000000, 0x0000000089000000|100%| O|  |TAMS 0x0000000088f00000| PB 0x0000000088f00000| Untracked 
| 144|0x0000000089000000, 0x0000000089100000, 0x0000000089100000|100%| O|  |TAMS 0x0000000089000000| PB 0x0000000089000000| Untracked 
| 145|0x0000000089100000, 0x0000000089200000, 0x0000000089200000|100%| O|  |TAMS 0x0000000089100000| PB 0x0000000089100000| Untracked 
| 146|0x0000000089200000, 0x0000000089200000, 0x0000000089300000|  0%| F|  |TAMS 0x0000000089200000| PB 0x0000000089200000| Untracked 
| 147|0x0000000089300000, 0x0000000089300000, 0x0000000089400000|  0%| F|  |TAMS 0x0000000089300000| PB 0x0000000089300000| Untracked 
| 148|0x0000000089400000, 0x0000000089400000, 0x0000000089500000|  0%| F|  |TAMS 0x0000000089400000| PB 0x0000000089400000| Untracked 
| 149|0x0000000089500000, 0x0000000089500000, 0x0000000089600000|  0%| F|  |TAMS 0x0000000089500000| PB 0x0000000089500000| Untracked 
| 150|0x0000000089600000, 0x0000000089600000, 0x0000000089700000|  0%| F|  |TAMS 0x0000000089600000| PB 0x0000000089600000| Untracked 
| 151|0x0000000089700000, 0x0000000089700000, 0x0000000089800000|  0%| F|  |TAMS 0x0000000089700000| PB 0x0000000089700000| Untracked 
| 152|0x0000000089800000, 0x0000000089800000, 0x0000000089900000|  0%| F|  |TAMS 0x0000000089800000| PB 0x0000000089800000| Untracked 
| 153|0x0000000089900000, 0x0000000089900000, 0x0000000089a00000|  0%| F|  |TAMS 0x0000000089900000| PB 0x0000000089900000| Untracked 
| 154|0x0000000089a00000, 0x0000000089a00000, 0x0000000089b00000|  0%| F|  |TAMS 0x0000000089a00000| PB 0x0000000089a00000| Untracked 
| 155|0x0000000089b00000, 0x0000000089b00000, 0x0000000089c00000|  0%| F|  |TAMS 0x0000000089b00000| PB 0x0000000089b00000| Untracked 
| 156|0x0000000089c00000, 0x0000000089c00000, 0x0000000089d00000|  0%| F|  |TAMS 0x0000000089c00000| PB 0x0000000089c00000| Untracked 
| 157|0x0000000089d00000, 0x0000000089d00000, 0x0000000089e00000|  0%| F|  |TAMS 0x0000000089d00000| PB 0x0000000089d00000| Untracked 
| 158|0x0000000089e00000, 0x0000000089e00000, 0x0000000089f00000|  0%| F|  |TAMS 0x0000000089e00000| PB 0x0000000089e00000| Untracked 
| 159|0x0000000089f00000, 0x000000008a000000, 0x000000008a000000|100%| O|  |TAMS 0x0000000089f00000| PB 0x0000000089f00000| Untracked 
| 160|0x000000008a000000, 0x000000008a100000, 0x000000008a100000|100%| O|  |TAMS 0x000000008a000000| PB 0x000000008a000000| Untracked 
| 161|0x000000008a100000, 0x000000008a17c3c0, 0x000000008a200000| 48%| O|  |TAMS 0x000000008a100000| PB 0x000000008a100000| Untracked 
| 162|0x000000008a200000, 0x000000008a200000, 0x000000008a300000|  0%| F|  |TAMS 0x000000008a200000| PB 0x000000008a200000| Untracked 
| 163|0x000000008a300000, 0x000000008a300000, 0x000000008a400000|  0%| F|  |TAMS 0x000000008a300000| PB 0x000000008a300000| Untracked 
| 164|0x000000008a400000, 0x000000008a400000, 0x000000008a500000|  0%| F|  |TAMS 0x000000008a400000| PB 0x000000008a400000| Untracked 
| 165|0x000000008a500000, 0x000000008a500000, 0x000000008a600000|  0%| F|  |TAMS 0x000000008a500000| PB 0x000000008a500000| Untracked 
| 166|0x000000008a600000, 0x000000008a600000, 0x000000008a700000|  0%| F|  |TAMS 0x000000008a600000| PB 0x000000008a600000| Untracked 
| 167|0x000000008a700000, 0x000000008a700000, 0x000000008a800000|  0%| F|  |TAMS 0x000000008a700000| PB 0x000000008a700000| Untracked 
| 168|0x000000008a800000, 0x000000008a800000, 0x000000008a900000|  0%| F|  |TAMS 0x000000008a800000| PB 0x000000008a800000| Untracked 
| 169|0x000000008a900000, 0x000000008a900000, 0x000000008aa00000|  0%| F|  |TAMS 0x000000008a900000| PB 0x000000008a900000| Untracked 
| 170|0x000000008aa00000, 0x000000008aa00000, 0x000000008ab00000|  0%| F|  |TAMS 0x000000008aa00000| PB 0x000000008aa00000| Untracked 
| 171|0x000000008ab00000, 0x000000008ab00000, 0x000000008ac00000|  0%| F|  |TAMS 0x000000008ab00000| PB 0x000000008ab00000| Untracked 
| 172|0x000000008ac00000, 0x000000008ac00000, 0x000000008ad00000|  0%| F|  |TAMS 0x000000008ac00000| PB 0x000000008ac00000| Untracked 
| 173|0x000000008ad00000, 0x000000008ad00000, 0x000000008ae00000|  0%| F|  |TAMS 0x000000008ad00000| PB 0x000000008ad00000| Untracked 
| 174|0x000000008ae00000, 0x000000008ae00000, 0x000000008af00000|  0%| F|  |TAMS 0x000000008ae00000| PB 0x000000008ae00000| Untracked 
| 175|0x000000008af00000, 0x000000008b000000, 0x000000008b000000|100%| S|CS|TAMS 0x000000008af00000| PB 0x000000008af00000| Complete 
| 176|0x000000008b000000, 0x000000008b100000, 0x000000008b100000|100%| S|CS|TAMS 0x000000008b000000| PB 0x000000008b000000| Complete 
| 177|0x000000008b100000, 0x000000008b100000, 0x000000008b200000|  0%| F|  |TAMS 0x000000008b100000| PB 0x000000008b100000| Untracked 
| 178|0x000000008b200000, 0x000000008b200000, 0x000000008b300000|  0%| F|  |TAMS 0x000000008b200000| PB 0x000000008b200000| Untracked 
| 179|0x000000008b300000, 0x000000008b300000, 0x000000008b400000|  0%| F|  |TAMS 0x000000008b300000| PB 0x000000008b300000| Untracked 
| 180|0x000000008b400000, 0x000000008b400000, 0x000000008b500000|  0%| F|  |TAMS 0x000000008b400000| PB 0x000000008b400000| Untracked 
| 181|0x000000008b500000, 0x000000008b500000, 0x000000008b600000|  0%| F|  |TAMS 0x000000008b500000| PB 0x000000008b500000| Untracked 
| 182|0x000000008b600000, 0x000000008b700000, 0x000000008b700000|100%| S|CS|TAMS 0x000000008b600000| PB 0x000000008b600000| Complete 
| 183|0x000000008b700000, 0x000000008b800000, 0x000000008b800000|100%| S|CS|TAMS 0x000000008b700000| PB 0x000000008b700000| Complete 
| 184|0x000000008b800000, 0x000000008b900000, 0x000000008b900000|100%| S|CS|TAMS 0x000000008b800000| PB 0x000000008b800000| Complete 
| 185|0x000000008b900000, 0x000000008ba00000, 0x000000008ba00000|100%| S|CS|TAMS 0x000000008b900000| PB 0x000000008b900000| Complete 
| 186|0x000000008ba00000, 0x000000008bb00000, 0x000000008bb00000|100%| S|CS|TAMS 0x000000008ba00000| PB 0x000000008ba00000| Complete 
| 187|0x000000008bb00000, 0x000000008bc00000, 0x000000008bc00000|100%| S|CS|TAMS 0x000000008bb00000| PB 0x000000008bb00000| Complete 
| 188|0x000000008bc00000, 0x000000008bd00000, 0x000000008bd00000|100%| S|CS|TAMS 0x000000008bc00000| PB 0x000000008bc00000| Complete 
| 189|0x000000008bd00000, 0x000000008be00000, 0x000000008be00000|100%| S|CS|TAMS 0x000000008bd00000| PB 0x000000008bd00000| Complete 
| 190|0x000000008be00000, 0x000000008bf00000, 0x000000008bf00000|100%| S|CS|TAMS 0x000000008be00000| PB 0x000000008be00000| Complete 
| 191|0x000000008bf00000, 0x000000008c000000, 0x000000008c000000|100%| S|CS|TAMS 0x000000008bf00000| PB 0x000000008bf00000| Complete 
| 192|0x000000008c000000, 0x000000008c100000, 0x000000008c100000|100%| S|CS|TAMS 0x000000008c000000| PB 0x000000008c000000| Complete 
| 193|0x000000008c100000, 0x000000008c200000, 0x000000008c200000|100%| S|CS|TAMS 0x000000008c100000| PB 0x000000008c100000| Complete 
| 194|0x000000008c200000, 0x000000008c300000, 0x000000008c300000|100%| S|CS|TAMS 0x000000008c200000| PB 0x000000008c200000| Complete 
| 195|0x000000008c300000, 0x000000008c400000, 0x000000008c400000|100%| S|CS|TAMS 0x000000008c300000| PB 0x000000008c300000| Complete 
| 196|0x000000008c400000, 0x000000008c400000, 0x000000008c500000|  0%| F|  |TAMS 0x000000008c400000| PB 0x000000008c400000| Untracked 
| 197|0x000000008c500000, 0x000000008c500000, 0x000000008c600000|  0%| F|  |TAMS 0x000000008c500000| PB 0x000000008c500000| Untracked 
| 198|0x000000008c600000, 0x000000008c600000, 0x000000008c700000|  0%| F|  |TAMS 0x000000008c600000| PB 0x000000008c600000| Untracked 
| 199|0x000000008c700000, 0x000000008c700000, 0x000000008c800000|  0%| F|  |TAMS 0x000000008c700000| PB 0x000000008c700000| Untracked 
| 200|0x000000008c800000, 0x000000008c800000, 0x000000008c900000|  0%| F|  |TAMS 0x000000008c800000| PB 0x000000008c800000| Untracked 
| 201|0x000000008c900000, 0x000000008c900000, 0x000000008ca00000|  0%| F|  |TAMS 0x000000008c900000| PB 0x000000008c900000| Untracked 
| 202|0x000000008ca00000, 0x000000008ca00000, 0x000000008cb00000|  0%| F|  |TAMS 0x000000008ca00000| PB 0x000000008ca00000| Untracked 
| 203|0x000000008cb00000, 0x000000008cb00000, 0x000000008cc00000|  0%| F|  |TAMS 0x000000008cb00000| PB 0x000000008cb00000| Untracked 
| 204|0x000000008cc00000, 0x000000008cc00000, 0x000000008cd00000|  0%| F|  |TAMS 0x000000008cc00000| PB 0x000000008cc00000| Untracked 
| 205|0x000000008cd00000, 0x000000008cd00000, 0x000000008ce00000|  0%| F|  |TAMS 0x000000008cd00000| PB 0x000000008cd00000| Untracked 
| 206|0x000000008ce00000, 0x000000008ce00000, 0x000000008cf00000|  0%| F|  |TAMS 0x000000008ce00000| PB 0x000000008ce00000| Untracked 
| 207|0x000000008cf00000, 0x000000008cf00000, 0x000000008d000000|  0%| F|  |TAMS 0x000000008cf00000| PB 0x000000008cf00000| Untracked 
| 208|0x000000008d000000, 0x000000008d000000, 0x000000008d100000|  0%| F|  |TAMS 0x000000008d000000| PB 0x000000008d000000| Untracked 
| 209|0x000000008d100000, 0x000000008d100000, 0x000000008d200000|  0%| F|  |TAMS 0x000000008d100000| PB 0x000000008d100000| Untracked 
| 210|0x000000008d200000, 0x000000008d200000, 0x000000008d300000|  0%| F|  |TAMS 0x000000008d200000| PB 0x000000008d200000| Untracked 
| 211|0x000000008d300000, 0x000000008d300000, 0x000000008d400000|  0%| F|  |TAMS 0x000000008d300000| PB 0x000000008d300000| Untracked 
| 212|0x000000008d400000, 0x000000008d400000, 0x000000008d500000|  0%| F|  |TAMS 0x000000008d400000| PB 0x000000008d400000| Untracked 
| 213|0x000000008d500000, 0x000000008d500000, 0x000000008d600000|  0%| F|  |TAMS 0x000000008d500000| PB 0x000000008d500000| Untracked 
| 214|0x000000008d600000, 0x000000008d600000, 0x000000008d700000|  0%| F|  |TAMS 0x000000008d600000| PB 0x000000008d600000| Untracked 
| 215|0x000000008d700000, 0x000000008d700000, 0x000000008d800000|  0%| F|  |TAMS 0x000000008d700000| PB 0x000000008d700000| Untracked 
| 216|0x000000008d800000, 0x000000008d800000, 0x000000008d900000|  0%| F|  |TAMS 0x000000008d800000| PB 0x000000008d800000| Untracked 
| 217|0x000000008d900000, 0x000000008d900000, 0x000000008da00000|  0%| F|  |TAMS 0x000000008d900000| PB 0x000000008d900000| Untracked 
| 218|0x000000008da00000, 0x000000008da00000, 0x000000008db00000|  0%| F|  |TAMS 0x000000008da00000| PB 0x000000008da00000| Untracked 
| 219|0x000000008db00000, 0x000000008db00000, 0x000000008dc00000|  0%| F|  |TAMS 0x000000008db00000| PB 0x000000008db00000| Untracked 
| 220|0x000000008dc00000, 0x000000008dc00000, 0x000000008dd00000|  0%| F|  |TAMS 0x000000008dc00000| PB 0x000000008dc00000| Untracked 
| 221|0x000000008dd00000, 0x000000008dd00000, 0x000000008de00000|  0%| F|  |TAMS 0x000000008dd00000| PB 0x000000008dd00000| Untracked 
| 222|0x000000008de00000, 0x000000008de00000, 0x000000008df00000|  0%| F|  |TAMS 0x000000008de00000| PB 0x000000008de00000| Untracked 
| 223|0x000000008df00000, 0x000000008df00000, 0x000000008e000000|  0%| F|  |TAMS 0x000000008df00000| PB 0x000000008df00000| Untracked 
| 224|0x000000008e000000, 0x000000008e000000, 0x000000008e100000|  0%| F|  |TAMS 0x000000008e000000| PB 0x000000008e000000| Untracked 
| 225|0x000000008e100000, 0x000000008e100000, 0x000000008e200000|  0%| F|  |TAMS 0x000000008e100000| PB 0x000000008e100000| Untracked 
| 226|0x000000008e200000, 0x000000008e200000, 0x000000008e300000|  0%| F|  |TAMS 0x000000008e200000| PB 0x000000008e200000| Untracked 
| 227|0x000000008e300000, 0x000000008e300000, 0x000000008e400000|  0%| F|  |TAMS 0x000000008e300000| PB 0x000000008e300000| Untracked 
| 228|0x000000008e400000, 0x000000008e400000, 0x000000008e500000|  0%| F|  |TAMS 0x000000008e400000| PB 0x000000008e400000| Untracked 
| 229|0x000000008e500000, 0x000000008e500000, 0x000000008e600000|  0%| F|  |TAMS 0x000000008e500000| PB 0x000000008e500000| Untracked 
| 230|0x000000008e600000, 0x000000008e600000, 0x000000008e700000|  0%| F|  |TAMS 0x000000008e600000| PB 0x000000008e600000| Untracked 
| 231|0x000000008e700000, 0x000000008e700000, 0x000000008e800000|  0%| F|  |TAMS 0x000000008e700000| PB 0x000000008e700000| Untracked 
| 232|0x000000008e800000, 0x000000008e800000, 0x000000008e900000|  0%| F|  |TAMS 0x000000008e800000| PB 0x000000008e800000| Untracked 
| 233|0x000000008e900000, 0x000000008e900000, 0x000000008ea00000|  0%| F|  |TAMS 0x000000008e900000| PB 0x000000008e900000| Untracked 
| 234|0x000000008ea00000, 0x000000008ea00000, 0x000000008eb00000|  0%| F|  |TAMS 0x000000008ea00000| PB 0x000000008ea00000| Untracked 
| 235|0x000000008eb00000, 0x000000008eb00000, 0x000000008ec00000|  0%| F|  |TAMS 0x000000008eb00000| PB 0x000000008eb00000| Untracked 
| 236|0x000000008ec00000, 0x000000008ec00000, 0x000000008ed00000|  0%| F|  |TAMS 0x000000008ec00000| PB 0x000000008ec00000| Untracked 
| 237|0x000000008ed00000, 0x000000008ed00000, 0x000000008ee00000|  0%| F|  |TAMS 0x000000008ed00000| PB 0x000000008ed00000| Untracked 
| 238|0x000000008ee00000, 0x000000008ee00000, 0x000000008ef00000|  0%| F|  |TAMS 0x000000008ee00000| PB 0x000000008ee00000| Untracked 
| 239|0x000000008ef00000, 0x000000008ef00000, 0x000000008f000000|  0%| F|  |TAMS 0x000000008ef00000| PB 0x000000008ef00000| Untracked 
| 240|0x000000008f000000, 0x000000008f000000, 0x000000008f100000|  0%| F|  |TAMS 0x000000008f000000| PB 0x000000008f000000| Untracked 
| 241|0x000000008f100000, 0x000000008f100000, 0x000000008f200000|  0%| F|  |TAMS 0x000000008f100000| PB 0x000000008f100000| Untracked 
| 242|0x000000008f200000, 0x000000008f200000, 0x000000008f300000|  0%| F|  |TAMS 0x000000008f200000| PB 0x000000008f200000| Untracked 
| 243|0x000000008f300000, 0x000000008f300000, 0x000000008f400000|  0%| F|  |TAMS 0x000000008f300000| PB 0x000000008f300000| Untracked 
| 244|0x000000008f400000, 0x000000008f400000, 0x000000008f500000|  0%| F|  |TAMS 0x000000008f400000| PB 0x000000008f400000| Untracked 
| 245|0x000000008f500000, 0x000000008f500000, 0x000000008f600000|  0%| F|  |TAMS 0x000000008f500000| PB 0x000000008f500000| Untracked 
| 246|0x000000008f600000, 0x000000008f600000, 0x000000008f700000|  0%| F|  |TAMS 0x000000008f600000| PB 0x000000008f600000| Untracked 
| 247|0x000000008f700000, 0x000000008f700000, 0x000000008f800000|  0%| F|  |TAMS 0x000000008f700000| PB 0x000000008f700000| Untracked 
| 248|0x000000008f800000, 0x000000008f800000, 0x000000008f900000|  0%| F|  |TAMS 0x000000008f800000| PB 0x000000008f800000| Untracked 
| 249|0x000000008f900000, 0x000000008f900000, 0x000000008fa00000|  0%| F|  |TAMS 0x000000008f900000| PB 0x000000008f900000| Untracked 
| 250|0x000000008fa00000, 0x000000008fa00000, 0x000000008fb00000|  0%| F|  |TAMS 0x000000008fa00000| PB 0x000000008fa00000| Untracked 
| 251|0x000000008fb00000, 0x000000008fb00000, 0x000000008fc00000|  0%| F|  |TAMS 0x000000008fb00000| PB 0x000000008fb00000| Untracked 
| 252|0x000000008fc00000, 0x000000008fc00000, 0x000000008fd00000|  0%| F|  |TAMS 0x000000008fc00000| PB 0x000000008fc00000| Untracked 
| 253|0x000000008fd00000, 0x000000008fd00000, 0x000000008fe00000|  0%| F|  |TAMS 0x000000008fd00000| PB 0x000000008fd00000| Untracked 
| 254|0x000000008fe00000, 0x000000008fe00000, 0x000000008ff00000|  0%| F|  |TAMS 0x000000008fe00000| PB 0x000000008fe00000| Untracked 
| 255|0x000000008ff00000, 0x000000008ff00000, 0x0000000090000000|  0%| F|  |TAMS 0x000000008ff00000| PB 0x000000008ff00000| Untracked 
| 256|0x0000000090000000, 0x0000000090000000, 0x0000000090100000|  0%| F|  |TAMS 0x0000000090000000| PB 0x0000000090000000| Untracked 
| 257|0x0000000090100000, 0x0000000090100000, 0x0000000090200000|  0%| F|  |TAMS 0x0000000090100000| PB 0x0000000090100000| Untracked 
| 258|0x0000000090200000, 0x0000000090200000, 0x0000000090300000|  0%| F|  |TAMS 0x0000000090200000| PB 0x0000000090200000| Untracked 
| 259|0x0000000090300000, 0x0000000090300000, 0x0000000090400000|  0%| F|  |TAMS 0x0000000090300000| PB 0x0000000090300000| Untracked 
| 260|0x0000000090400000, 0x0000000090400000, 0x0000000090500000|  0%| F|  |TAMS 0x0000000090400000| PB 0x0000000090400000| Untracked 
| 261|0x0000000090500000, 0x0000000090500000, 0x0000000090600000|  0%| F|  |TAMS 0x0000000090500000| PB 0x0000000090500000| Untracked 
| 262|0x0000000090600000, 0x0000000090600000, 0x0000000090700000|  0%| F|  |TAMS 0x0000000090600000| PB 0x0000000090600000| Untracked 
| 263|0x0000000090700000, 0x0000000090700000, 0x0000000090800000|  0%| F|  |TAMS 0x0000000090700000| PB 0x0000000090700000| Untracked 
| 264|0x0000000090800000, 0x0000000090800000, 0x0000000090900000|  0%| F|  |TAMS 0x0000000090800000| PB 0x0000000090800000| Untracked 
| 265|0x0000000090900000, 0x0000000090900000, 0x0000000090a00000|  0%| F|  |TAMS 0x0000000090900000| PB 0x0000000090900000| Untracked 
| 266|0x0000000090a00000, 0x0000000090a00000, 0x0000000090b00000|  0%| F|  |TAMS 0x0000000090a00000| PB 0x0000000090a00000| Untracked 
| 267|0x0000000090b00000, 0x0000000090b00000, 0x0000000090c00000|  0%| F|  |TAMS 0x0000000090b00000| PB 0x0000000090b00000| Untracked 
| 268|0x0000000090c00000, 0x0000000090c00000, 0x0000000090d00000|  0%| F|  |TAMS 0x0000000090c00000| PB 0x0000000090c00000| Untracked 
| 269|0x0000000090d00000, 0x0000000090d00000, 0x0000000090e00000|  0%| F|  |TAMS 0x0000000090d00000| PB 0x0000000090d00000| Untracked 
| 270|0x0000000090e00000, 0x0000000090e00000, 0x0000000090f00000|  0%| F|  |TAMS 0x0000000090e00000| PB 0x0000000090e00000| Untracked 
| 271|0x0000000090f00000, 0x0000000090f00000, 0x0000000091000000|  0%| F|  |TAMS 0x0000000090f00000| PB 0x0000000090f00000| Untracked 
| 272|0x0000000091000000, 0x0000000091000000, 0x0000000091100000|  0%| F|  |TAMS 0x0000000091000000| PB 0x0000000091000000| Untracked 
| 273|0x0000000091100000, 0x0000000091100000, 0x0000000091200000|  0%| F|  |TAMS 0x0000000091100000| PB 0x0000000091100000| Untracked 
| 274|0x0000000091200000, 0x0000000091200000, 0x0000000091300000|  0%| F|  |TAMS 0x0000000091200000| PB 0x0000000091200000| Untracked 
| 275|0x0000000091300000, 0x0000000091300000, 0x0000000091400000|  0%| F|  |TAMS 0x0000000091300000| PB 0x0000000091300000| Untracked 
| 276|0x0000000091400000, 0x0000000091400000, 0x0000000091500000|  0%| F|  |TAMS 0x0000000091400000| PB 0x0000000091400000| Untracked 
| 277|0x0000000091500000, 0x0000000091500000, 0x0000000091600000|  0%| F|  |TAMS 0x0000000091500000| PB 0x0000000091500000| Untracked 
| 278|0x0000000091600000, 0x0000000091600000, 0x0000000091700000|  0%| F|  |TAMS 0x0000000091600000| PB 0x0000000091600000| Untracked 
| 279|0x0000000091700000, 0x0000000091700000, 0x0000000091800000|  0%| F|  |TAMS 0x0000000091700000| PB 0x0000000091700000| Untracked 
| 280|0x0000000091800000, 0x0000000091800000, 0x0000000091900000|  0%| F|  |TAMS 0x0000000091800000| PB 0x0000000091800000| Untracked 
| 281|0x0000000091900000, 0x0000000091900000, 0x0000000091a00000|  0%| F|  |TAMS 0x0000000091900000| PB 0x0000000091900000| Untracked 
| 282|0x0000000091a00000, 0x0000000091a00000, 0x0000000091b00000|  0%| F|  |TAMS 0x0000000091a00000| PB 0x0000000091a00000| Untracked 
| 283|0x0000000091b00000, 0x0000000091b00000, 0x0000000091c00000|  0%| F|  |TAMS 0x0000000091b00000| PB 0x0000000091b00000| Untracked 
| 284|0x0000000091c00000, 0x0000000091c00000, 0x0000000091d00000|  0%| F|  |TAMS 0x0000000091c00000| PB 0x0000000091c00000| Untracked 
| 285|0x0000000091d00000, 0x0000000091d00000, 0x0000000091e00000|  0%| F|  |TAMS 0x0000000091d00000| PB 0x0000000091d00000| Untracked 
| 286|0x0000000091e00000, 0x0000000091e00000, 0x0000000091f00000|  0%| F|  |TAMS 0x0000000091e00000| PB 0x0000000091e00000| Untracked 
| 287|0x0000000091f00000, 0x0000000091f00000, 0x0000000092000000|  0%| F|  |TAMS 0x0000000091f00000| PB 0x0000000091f00000| Untracked 
| 288|0x0000000092000000, 0x0000000092000000, 0x0000000092100000|  0%| F|  |TAMS 0x0000000092000000| PB 0x0000000092000000| Untracked 
| 289|0x0000000092100000, 0x0000000092100000, 0x0000000092200000|  0%| F|  |TAMS 0x0000000092100000| PB 0x0000000092100000| Untracked 
| 290|0x0000000092200000, 0x0000000092200000, 0x0000000092300000|  0%| F|  |TAMS 0x0000000092200000| PB 0x0000000092200000| Untracked 
| 291|0x0000000092300000, 0x0000000092300000, 0x0000000092400000|  0%| F|  |TAMS 0x0000000092300000| PB 0x0000000092300000| Untracked 
| 292|0x0000000092400000, 0x0000000092400000, 0x0000000092500000|  0%| F|  |TAMS 0x0000000092400000| PB 0x0000000092400000| Untracked 
| 293|0x0000000092500000, 0x0000000092500000, 0x0000000092600000|  0%| F|  |TAMS 0x0000000092500000| PB 0x0000000092500000| Untracked 
| 294|0x0000000092600000, 0x0000000092600000, 0x0000000092700000|  0%| F|  |TAMS 0x0000000092600000| PB 0x0000000092600000| Untracked 
| 295|0x0000000092700000, 0x0000000092700000, 0x0000000092800000|  0%| F|  |TAMS 0x0000000092700000| PB 0x0000000092700000| Untracked 
| 296|0x0000000092800000, 0x0000000092800000, 0x0000000092900000|  0%| F|  |TAMS 0x0000000092800000| PB 0x0000000092800000| Untracked 
| 297|0x0000000092900000, 0x0000000092900000, 0x0000000092a00000|  0%| F|  |TAMS 0x0000000092900000| PB 0x0000000092900000| Untracked 
| 298|0x0000000092a00000, 0x0000000092a00000, 0x0000000092b00000|  0%| F|  |TAMS 0x0000000092a00000| PB 0x0000000092a00000| Untracked 
| 299|0x0000000092b00000, 0x0000000092b00000, 0x0000000092c00000|  0%| F|  |TAMS 0x0000000092b00000| PB 0x0000000092b00000| Untracked 
| 300|0x0000000092c00000, 0x0000000092c00000, 0x0000000092d00000|  0%| F|  |TAMS 0x0000000092c00000| PB 0x0000000092c00000| Untracked 
| 301|0x0000000092d00000, 0x0000000092d00000, 0x0000000092e00000|  0%| F|  |TAMS 0x0000000092d00000| PB 0x0000000092d00000| Untracked 
| 302|0x0000000092e00000, 0x0000000092e00000, 0x0000000092f00000|  0%| F|  |TAMS 0x0000000092e00000| PB 0x0000000092e00000| Untracked 
| 303|0x0000000092f00000, 0x0000000092f00000, 0x0000000093000000|  0%| F|  |TAMS 0x0000000092f00000| PB 0x0000000092f00000| Untracked 
| 304|0x0000000093000000, 0x0000000093000000, 0x0000000093100000|  0%| F|  |TAMS 0x0000000093000000| PB 0x0000000093000000| Untracked 
| 305|0x0000000093100000, 0x0000000093100000, 0x0000000093200000|  0%| F|  |TAMS 0x0000000093100000| PB 0x0000000093100000| Untracked 
| 306|0x0000000093200000, 0x0000000093200000, 0x0000000093300000|  0%| F|  |TAMS 0x0000000093200000| PB 0x0000000093200000| Untracked 
| 307|0x0000000093300000, 0x0000000093300000, 0x0000000093400000|  0%| F|  |TAMS 0x0000000093300000| PB 0x0000000093300000| Untracked 
| 308|0x0000000093400000, 0x0000000093400000, 0x0000000093500000|  0%| F|  |TAMS 0x0000000093400000| PB 0x0000000093400000| Untracked 
| 309|0x0000000093500000, 0x0000000093500000, 0x0000000093600000|  0%| F|  |TAMS 0x0000000093500000| PB 0x0000000093500000| Untracked 
| 310|0x0000000093600000, 0x0000000093600000, 0x0000000093700000|  0%| F|  |TAMS 0x0000000093600000| PB 0x0000000093600000| Untracked 
| 311|0x0000000093700000, 0x0000000093700000, 0x0000000093800000|  0%| F|  |TAMS 0x0000000093700000| PB 0x0000000093700000| Untracked 
| 312|0x0000000093800000, 0x0000000093800000, 0x0000000093900000|  0%| F|  |TAMS 0x0000000093800000| PB 0x0000000093800000| Untracked 
| 313|0x0000000093900000, 0x0000000093900000, 0x0000000093a00000|  0%| F|  |TAMS 0x0000000093900000| PB 0x0000000093900000| Untracked 
| 314|0x0000000093a00000, 0x0000000093a00000, 0x0000000093b00000|  0%| F|  |TAMS 0x0000000093a00000| PB 0x0000000093a00000| Untracked 
| 315|0x0000000093b00000, 0x0000000093b00000, 0x0000000093c00000|  0%| F|  |TAMS 0x0000000093b00000| PB 0x0000000093b00000| Untracked 
| 316|0x0000000093c00000, 0x0000000093c00000, 0x0000000093d00000|  0%| F|  |TAMS 0x0000000093c00000| PB 0x0000000093c00000| Untracked 
| 317|0x0000000093d00000, 0x0000000093d00000, 0x0000000093e00000|  0%| F|  |TAMS 0x0000000093d00000| PB 0x0000000093d00000| Untracked 
| 318|0x0000000093e00000, 0x0000000093e00000, 0x0000000093f00000|  0%| F|  |TAMS 0x0000000093e00000| PB 0x0000000093e00000| Untracked 
| 319|0x0000000093f00000, 0x0000000093f00000, 0x0000000094000000|  0%| F|  |TAMS 0x0000000093f00000| PB 0x0000000093f00000| Untracked 
| 320|0x0000000094000000, 0x0000000094000000, 0x0000000094100000|  0%| F|  |TAMS 0x0000000094000000| PB 0x0000000094000000| Untracked 
| 321|0x0000000094100000, 0x0000000094100000, 0x0000000094200000|  0%| F|  |TAMS 0x0000000094100000| PB 0x0000000094100000| Untracked 
| 322|0x0000000094200000, 0x0000000094200000, 0x0000000094300000|  0%| F|  |TAMS 0x0000000094200000| PB 0x0000000094200000| Untracked 
| 323|0x0000000094300000, 0x0000000094300000, 0x0000000094400000|  0%| F|  |TAMS 0x0000000094300000| PB 0x0000000094300000| Untracked 
| 324|0x0000000094400000, 0x0000000094400000, 0x0000000094500000|  0%| F|  |TAMS 0x0000000094400000| PB 0x0000000094400000| Untracked 
| 325|0x0000000094500000, 0x0000000094500000, 0x0000000094600000|  0%| F|  |TAMS 0x0000000094500000| PB 0x0000000094500000| Untracked 
| 326|0x0000000094600000, 0x0000000094600000, 0x0000000094700000|  0%| F|  |TAMS 0x0000000094600000| PB 0x0000000094600000| Untracked 
| 327|0x0000000094700000, 0x0000000094700000, 0x0000000094800000|  0%| F|  |TAMS 0x0000000094700000| PB 0x0000000094700000| Untracked 
| 328|0x0000000094800000, 0x0000000094800000, 0x0000000094900000|  0%| F|  |TAMS 0x0000000094800000| PB 0x0000000094800000| Untracked 
| 329|0x0000000094900000, 0x0000000094900000, 0x0000000094a00000|  0%| F|  |TAMS 0x0000000094900000| PB 0x0000000094900000| Untracked 
| 330|0x0000000094a00000, 0x0000000094a00000, 0x0000000094b00000|  0%| F|  |TAMS 0x0000000094a00000| PB 0x0000000094a00000| Untracked 
| 331|0x0000000094b00000, 0x0000000094b00000, 0x0000000094c00000|  0%| F|  |TAMS 0x0000000094b00000| PB 0x0000000094b00000| Untracked 
| 332|0x0000000094c00000, 0x0000000094c00000, 0x0000000094d00000|  0%| F|  |TAMS 0x0000000094c00000| PB 0x0000000094c00000| Untracked 
| 333|0x0000000094d00000, 0x0000000094d00000, 0x0000000094e00000|  0%| F|  |TAMS 0x0000000094d00000| PB 0x0000000094d00000| Untracked 
| 334|0x0000000094e00000, 0x0000000094e00000, 0x0000000094f00000|  0%| F|  |TAMS 0x0000000094e00000| PB 0x0000000094e00000| Untracked 
| 335|0x0000000094f00000, 0x0000000094f00000, 0x0000000095000000|  0%| F|  |TAMS 0x0000000094f00000| PB 0x0000000094f00000| Untracked 
| 336|0x0000000095000000, 0x0000000095000000, 0x0000000095100000|  0%| F|  |TAMS 0x0000000095000000| PB 0x0000000095000000| Untracked 
| 337|0x0000000095100000, 0x0000000095100000, 0x0000000095200000|  0%| F|  |TAMS 0x0000000095100000| PB 0x0000000095100000| Untracked 
| 338|0x0000000095200000, 0x0000000095200000, 0x0000000095300000|  0%| F|  |TAMS 0x0000000095200000| PB 0x0000000095200000| Untracked 
| 339|0x0000000095300000, 0x0000000095300000, 0x0000000095400000|  0%| F|  |TAMS 0x0000000095300000| PB 0x0000000095300000| Untracked 
| 340|0x0000000095400000, 0x0000000095400000, 0x0000000095500000|  0%| F|  |TAMS 0x0000000095400000| PB 0x0000000095400000| Untracked 
| 341|0x0000000095500000, 0x0000000095500000, 0x0000000095600000|  0%| F|  |TAMS 0x0000000095500000| PB 0x0000000095500000| Untracked 
| 342|0x0000000095600000, 0x0000000095600000, 0x0000000095700000|  0%| F|  |TAMS 0x0000000095600000| PB 0x0000000095600000| Untracked 
| 343|0x0000000095700000, 0x0000000095700000, 0x0000000095800000|  0%| F|  |TAMS 0x0000000095700000| PB 0x0000000095700000| Untracked 
| 344|0x0000000095800000, 0x0000000095800000, 0x0000000095900000|  0%| F|  |TAMS 0x0000000095800000| PB 0x0000000095800000| Untracked 
| 345|0x0000000095900000, 0x0000000095900000, 0x0000000095a00000|  0%| F|  |TAMS 0x0000000095900000| PB 0x0000000095900000| Untracked 
|2036|0x00000000ff400000, 0x00000000ff500000, 0x00000000ff500000|100%| O|  |TAMS 0x00000000ff400000| PB 0x00000000ff400000| Untracked 
|2037|0x00000000ff500000, 0x00000000ff600000, 0x00000000ff600000|100%| O|  |TAMS 0x00000000ff500000| PB 0x00000000ff500000| Untracked 
|2038|0x00000000ff600000, 0x00000000ff700000, 0x00000000ff700000|100%| O|  |TAMS 0x00000000ff600000| PB 0x00000000ff600000| Untracked 
|2039|0x00000000ff700000, 0x00000000ff800000, 0x00000000ff800000|100%| O|  |TAMS 0x00000000ff700000| PB 0x00000000ff700000| Untracked 
|2040|0x00000000ff800000, 0x00000000ff900000, 0x00000000ff900000|100%| O|  |TAMS 0x00000000ff800000| PB 0x00000000ff800000| Untracked 
|2041|0x00000000ff900000, 0x00000000ffa00000, 0x00000000ffa00000|100%| O|  |TAMS 0x00000000ff900000| PB 0x00000000ff900000| Untracked 
|2042|0x00000000ffa00000, 0x00000000ffb00000, 0x00000000ffb00000|100%| O|  |TAMS 0x00000000ffa00000| PB 0x00000000ffa00000| Untracked 
|2043|0x00000000ffb00000, 0x00000000ffc00000, 0x00000000ffc00000|100%| O|  |TAMS 0x00000000ffb00000| PB 0x00000000ffb00000| Untracked 
|2044|0x00000000ffc00000, 0x00000000ffd00000, 0x00000000ffd00000|100%| O|  |TAMS 0x00000000ffc00000| PB 0x00000000ffc00000| Untracked 
|2045|0x00000000ffd00000, 0x00000000ffe00000, 0x00000000ffe00000|100%| O|  |TAMS 0x00000000ffd00000| PB 0x00000000ffd00000| Untracked 
|2046|0x00000000ffe00000, 0x00000000fff00000, 0x00000000fff00000|100%| O|  |TAMS 0x00000000ffe00000| PB 0x00000000ffe00000| Untracked 
|2047|0x00000000fff00000, 0x0000000100000000, 0x0000000100000000|100%| O|  |TAMS 0x00000000fff00000| PB 0x00000000fff00000| Untracked 

Card table byte_map: [0x0000016b77270000,0x0000016b77670000] _byte_map_base: 0x0000016b76e70000

Marking Bits: (CMBitMap*) 0x0000016b6e2c5f40
 Bits: [0x0000016b77670000, 0x0000016b79670000)

Polling page: 0x0000016b6c030000

Metaspace:

Usage:
  Non-class:     43.81 MB used.
      Class:      6.94 MB used.
       Both:     50.75 MB used.

Virtual space:
  Non-class space:       64.00 MB reserved,      44.69 MB ( 70%) committed,  1 nodes.
      Class space:        1.00 GB reserved,       7.69 MB ( <1%) committed,  1 nodes.
             Both:        1.06 GB reserved,      52.38 MB (  5%) committed. 

Chunk freelists:
   Non-Class:  2.91 MB
       Class:  8.31 MB
        Both:  11.22 MB

MaxMetaspaceSize: unlimited
CompressedClassSpaceSize: 1.00 GB
Initial GC threshold: 21.00 MB
Current GC threshold: 59.31 MB
CDS: on
 - commit_granule_bytes: 65536.
 - commit_granule_words: 8192.
 - virtual_space_node_default_size: 8388608.
 - enlarge_chunks_in_place: 1.
 - use_allocation_guard: 0.


Internal statistics:

num_allocs_failed_limit: 9.
num_arena_births: 2870.
num_arena_deaths: 0.
num_vsnodes_births: 2.
num_vsnodes_deaths: 0.
num_space_committed: 838.
num_space_uncommitted: 0.
num_chunks_returned_to_freelist: 9.
num_chunks_taken_from_freelist: 5215.
num_chunk_merges: 9.
num_chunk_splits: 3426.
num_chunks_enlarged: 2144.
num_inconsistent_stats: 0.

CodeHeap 'non-profiled nmethods': size=120000Kb used=5639Kb max_used=5639Kb free=114360Kb
 bounds [0x0000016b07ad0000, 0x0000016b08060000, 0x0000016b0f000000]
CodeHeap 'profiled nmethods': size=120000Kb used=15987Kb max_used=15987Kb free=104012Kb
 bounds [0x0000016b00000000, 0x0000016b00fa0000, 0x0000016b07530000]
CodeHeap 'non-nmethods': size=5760Kb used=2003Kb max_used=2070Kb free=3756Kb
 bounds [0x0000016b07530000, 0x0000016b077a0000, 0x0000016b07ad0000]
 total_blobs=8527 nmethods=7770 adapters=660
 compilation: enabled
              stopped_count=0, restarted_count=0
 full_count=0

Compilation events (20 events):
Event: 12.002 Thread 0x0000016b7c3caee0 8061       4       org.objectweb.asm.ClassReader::createDebugLabel (23 bytes)
Event: 12.003 Thread 0x0000016b7c3cea40 nmethod 8363 0x0000016b00f99190 code [0x0000016b00f99420, 0x0000016b00f9a248]
Event: 12.003 Thread 0x0000016b7c3cea40 8364       3       org.apache.commons.compress.archivers.zip.ZipArchiveOutputStream::putArchiveEntry (292 bytes)
Event: 12.005 Thread 0x0000016b7c3cea40 nmethod 8364 0x0000016b00f9a810 code [0x0000016b00f9ac20, 0x0000016b00f9c430]
Event: 12.006 Thread 0x0000016b7c3caee0 nmethod 8061 0x0000016b08040390 code [0x0000016b08040520, 0x0000016b08040778]
Event: 12.006 Thread 0x0000016b7c3caee0 7306       4       org.objectweb.asm.Type::<init> (26 bytes)
Event: 12.008 Thread 0x0000016b7c3caee0 nmethod 7306 0x0000016b08040890 code [0x0000016b08040a20, 0x0000016b08040b90]
Event: 12.008 Thread 0x0000016b7c3caee0 7357       4       org.objectweb.asm.MethodVisitor::visitInsn (16 bytes)
Event: 12.008 Thread 0x0000016b7c3caee0 nmethod 7357 0x0000016b08040c10 code [0x0000016b08040da0, 0x0000016b08040e70]
Event: 12.008 Thread 0x0000016b7c3caee0 7382       4       org.objectweb.asm.MethodVisitor::visitLineNumber (17 bytes)
Event: 12.009 Thread 0x0000016b7c3caee0 nmethod 7382 0x0000016b08040f10 code [0x0000016b080410a0, 0x0000016b08041170]
Event: 12.009 Thread 0x0000016b7c3caee0 8178       4       org.objectweb.asm.ClassReader::readStringish (16 bytes)
Event: 12.011 Thread 0x0000016b7c3caee0 nmethod 8178 0x0000016b08041210 code [0x0000016b080413c0, 0x0000016b080415e8]
Event: 12.011 Thread 0x0000016b7c3caee0 8365       4       org.objectweb.asm.ClassWriter::toByteArray (1535 bytes)
Event: 12.017 Thread 0x0000016b5477e180 nmethod 8152 0x0000016b08041810 code [0x0000016b08042240, 0x0000016b0804b4d8]
Event: 12.019 Thread 0x0000016b5477e180 7346       4       org.objectweb.asm.ClassReader::readClass (7 bytes)
Event: 12.021 Thread 0x0000016b5477e180 nmethod 7346 0x0000016b08051610 code [0x0000016b080517c0, 0x0000016b080519e8]
Event: 12.021 Thread 0x0000016b5477e180 7353       4       org.objectweb.asm.MethodVisitor::visitMethodInsn (80 bytes)
Event: 12.022 Thread 0x0000016b5477e180 nmethod 7353 0x0000016b08051c10 code [0x0000016b08051da0, 0x0000016b08051eb0]
Event: 12.022 Thread 0x0000016b5477e180 7408       4       org.objectweb.asm.MethodWriter::visitLabel (332 bytes)

GC Heap History (20 events):
Event: 11.174 GC heap after
{Heap after GC invocations=29 (full 0):
 garbage-first heap   total 253952K, used 106919K [0x0000000080000000, 0x0000000100000000)
  region size 1024K, 11 young (11264K), 11 survivors (11264K)
 Metaspace       used 51812K, committed 53440K, reserved 1114112K
  class space    used 7097K, committed 7872K, reserved 1048576K
}
Event: 11.253 GC heap before
{Heap before GC invocations=29 (full 0):
 garbage-first heap   total 253952K, used 228775K [0x0000000080000000, 0x0000000100000000)
  region size 1024K, 130 young (133120K), 11 survivors (11264K)
 Metaspace       used 51816K, committed 53440K, reserved 1114112K
  class space    used 7098K, committed 7872K, reserved 1048576K
}
Event: 11.256 GC heap after
{Heap after GC invocations=30 (full 0):
 garbage-first heap   total 253952K, used 111616K [0x0000000080000000, 0x0000000100000000)
  region size 1024K, 10 young (10240K), 10 survivors (10240K)
 Metaspace       used 51816K, committed 53440K, reserved 1114112K
  class space    used 7098K, committed 7872K, reserved 1048576K
}
Event: 11.335 GC heap before
{Heap before GC invocations=30 (full 0):
 garbage-first heap   total 253952K, used 229376K [0x0000000080000000, 0x0000000100000000)
  region size 1024K, 126 young (129024K), 10 survivors (10240K)
 Metaspace       used 51819K, committed 53440K, reserved 1114112K
  class space    used 7098K, committed 7872K, reserved 1048576K
}
Event: 11.338 GC heap after
{Heap after GC invocations=31 (full 0):
 garbage-first heap   total 305152K, used 117254K [0x0000000080000000, 0x0000000100000000)
  region size 1024K, 11 young (11264K), 11 survivors (11264K)
 Metaspace       used 51819K, committed 53440K, reserved 1114112K
  class space    used 7098K, committed 7872K, reserved 1048576K
}
Event: 11.429 GC heap before
{Heap before GC invocations=31 (full 0):
 garbage-first heap   total 305152K, used 276998K [0x0000000080000000, 0x0000000100000000)
  region size 1024K, 167 young (171008K), 11 survivors (11264K)
 Metaspace       used 51822K, committed 53440K, reserved 1114112K
  class space    used 7098K, committed 7872K, reserved 1048576K
}
Event: 11.432 GC heap after
{Heap after GC invocations=32 (full 0):
 garbage-first heap   total 305152K, used 123412K [0x0000000080000000, 0x0000000100000000)
  region size 1024K, 17 young (17408K), 17 survivors (17408K)
 Metaspace       used 51822K, committed 53440K, reserved 1114112K
  class space    used 7098K, committed 7872K, reserved 1048576K
}
Event: 11.505 GC heap before
{Heap before GC invocations=32 (full 0):
 garbage-first heap   total 305152K, used 269844K [0x0000000080000000, 0x0000000100000000)
  region size 1024K, 161 young (164864K), 17 survivors (17408K)
 Metaspace       used 51822K, committed 53440K, reserved 1114112K
  class space    used 7098K, committed 7872K, reserved 1048576K
}
Event: 11.508 GC heap after
{Heap after GC invocations=33 (full 0):
 garbage-first heap   total 305152K, used 129477K [0x0000000080000000, 0x0000000100000000)
  region size 1024K, 14 young (14336K), 14 survivors (14336K)
 Metaspace       used 51822K, committed 53440K, reserved 1114112K
  class space    used 7098K, committed 7872K, reserved 1048576K
}
Event: 11.583 GC heap before
{Heap before GC invocations=33 (full 0):
 garbage-first heap   total 305152K, used 273861K [0x0000000080000000, 0x0000000100000000)
  region size 1024K, 157 young (160768K), 14 survivors (14336K)
 Metaspace       used 51825K, committed 53440K, reserved 1114112K
  class space    used 7098K, committed 7872K, reserved 1048576K
}
Event: 11.586 GC heap after
{Heap after GC invocations=34 (full 0):
 garbage-first heap   total 305152K, used 134850K [0x0000000080000000, 0x0000000100000000)
  region size 1024K, 13 young (13312K), 13 survivors (13312K)
 Metaspace       used 51825K, committed 53440K, reserved 1114112K
  class space    used 7098K, committed 7872K, reserved 1048576K
}
Event: 11.653 GC heap before
{Heap before GC invocations=34 (full 0):
 garbage-first heap   total 305152K, used 274114K [0x0000000080000000, 0x0000000100000000)
  region size 1024K, 149 young (152576K), 13 survivors (13312K)
 Metaspace       used 51847K, committed 53440K, reserved 1114112K
  class space    used 7101K, committed 7872K, reserved 1048576K
}
Event: 11.656 GC heap after
{Heap after GC invocations=35 (full 0):
 garbage-first heap   total 366592K, used 141577K [0x0000000080000000, 0x0000000100000000)
  region size 1024K, 13 young (13312K), 13 survivors (13312K)
 Metaspace       used 51847K, committed 53440K, reserved 1114112K
  class space    used 7101K, committed 7872K, reserved 1048576K
}
Event: 11.752 GC heap before
{Heap before GC invocations=35 (full 0):
 garbage-first heap   total 366592K, used 334089K [0x0000000080000000, 0x0000000100000000)
  region size 1024K, 200 young (204800K), 13 survivors (13312K)
 Metaspace       used 51875K, committed 53440K, reserved 1114112K
  class space    used 7105K, committed 7872K, reserved 1048576K
}
Event: 11.755 GC heap after
{Heap after GC invocations=36 (full 0):
 garbage-first heap   total 366592K, used 151947K [0x0000000080000000, 0x0000000100000000)
  region size 1024K, 21 young (21504K), 21 survivors (21504K)
 Metaspace       used 51875K, committed 53440K, reserved 1114112K
  class space    used 7105K, committed 7872K, reserved 1048576K
}
Event: 11.844 GC heap before
{Heap before GC invocations=36 (full 0):
 garbage-first heap   total 366592K, used 323979K [0x0000000080000000, 0x0000000100000000)
  region size 1024K, 190 young (194560K), 21 survivors (21504K)
 Metaspace       used 51894K, committed 53504K, reserved 1114112K
  class space    used 7105K, committed 7872K, reserved 1048576K
}
Event: 11.848 GC heap after
{Heap after GC invocations=37 (full 0):
 garbage-first heap   total 366592K, used 160086K [0x0000000080000000, 0x0000000100000000)
  region size 1024K, 18 young (18432K), 18 survivors (18432K)
 Metaspace       used 51894K, committed 53504K, reserved 1114112K
  class space    used 7105K, committed 7872K, reserved 1048576K
}
Event: 11.939 GC heap before
{Heap before GC invocations=37 (full 0):
 garbage-first heap   total 366592K, used 332118K [0x0000000080000000, 0x0000000100000000)
  region size 1024K, 182 young (186368K), 18 survivors (18432K)
 Metaspace       used 51958K, committed 53632K, reserved 1114112K
  class space    used 7105K, committed 7872K, reserved 1048576K
}
Event: 11.943 GC heap after
{Heap after GC invocations=38 (full 0):
 garbage-first heap   total 366592K, used 174204K [0x0000000080000000, 0x0000000100000000)
  region size 1024K, 18 young (18432K), 18 survivors (18432K)
 Metaspace       used 51958K, committed 53632K, reserved 1114112K
  class space    used 7105K, committed 7872K, reserved 1048576K
}
Event: 12.032 GC heap before
{Heap before GC invocations=38 (full 0):
 garbage-first heap   total 366592K, used 326780K [0x0000000080000000, 0x0000000100000000)
  region size 1024K, 168 young (172032K), 18 survivors (18432K)
 Metaspace       used 51967K, committed 53632K, reserved 1114112K
  class space    used 7105K, committed 7872K, reserved 1048576K
}

Dll operation events (15 events):
Event: 0.008 Loaded shared library D:\2025\SEMESTER 2\PROJECT UAS SO\OpenJDK21U-jdk_x64_windows_hotspot_21.0.7_6 (1)\jdk-21.0.7+6\bin\java.dll
Event: 0.036 Loaded shared library D:\2025\SEMESTER 2\PROJECT UAS SO\OpenJDK21U-jdk_x64_windows_hotspot_21.0.7_6 (1)\jdk-21.0.7+6\bin\jsvml.dll
Event: 0.072 Loaded shared library D:\2025\SEMESTER 2\PROJECT UAS SO\OpenJDK21U-jdk_x64_windows_hotspot_21.0.7_6 (1)\jdk-21.0.7+6\bin\zip.dll
Event: 0.077 Loaded shared library D:\2025\SEMESTER 2\PROJECT UAS SO\OpenJDK21U-jdk_x64_windows_hotspot_21.0.7_6 (1)\jdk-21.0.7+6\bin\instrument.dll
Event: 0.081 Loaded shared library D:\2025\SEMESTER 2\PROJECT UAS SO\OpenJDK21U-jdk_x64_windows_hotspot_21.0.7_6 (1)\jdk-21.0.7+6\bin\net.dll
Event: 0.084 Loaded shared library D:\2025\SEMESTER 2\PROJECT UAS SO\OpenJDK21U-jdk_x64_windows_hotspot_21.0.7_6 (1)\jdk-21.0.7+6\bin\nio.dll
Event: 0.087 Loaded shared library D:\2025\SEMESTER 2\PROJECT UAS SO\OpenJDK21U-jdk_x64_windows_hotspot_21.0.7_6 (1)\jdk-21.0.7+6\bin\zip.dll
Event: 0.230 Loaded shared library D:\2025\SEMESTER 2\PROJECT UAS SO\OpenJDK21U-jdk_x64_windows_hotspot_21.0.7_6 (1)\jdk-21.0.7+6\bin\jimage.dll
Event: 0.416 Loaded shared library D:\2025\SEMESTER 2\PROJECT UAS SO\OpenJDK21U-jdk_x64_windows_hotspot_21.0.7_6 (1)\jdk-21.0.7+6\bin\verify.dll
Event: 0.444 Loaded shared library C:\Users\HP\.gradle\native\660c5614fbf4a5f2a75b1949f50a0caf5cd603558e7d8a26e50b933a0cfb79d1\windows-amd64\native-platform.dll
Event: 0.453 Loaded shared library C:\Users\HP\.gradle\native\0.2.8\x86_64-windows-gnu\gradle-fileevents.dll
Event: 1.217 Loaded shared library D:\2025\SEMESTER 2\PROJECT UAS SO\OpenJDK21U-jdk_x64_windows_hotspot_21.0.7_6 (1)\jdk-21.0.7+6\bin\management.dll
Event: 1.221 Loaded shared library D:\2025\SEMESTER 2\PROJECT UAS SO\OpenJDK21U-jdk_x64_windows_hotspot_21.0.7_6 (1)\jdk-21.0.7+6\bin\management_ext.dll
Event: 1.414 Loaded shared library D:\2025\SEMESTER 2\PROJECT UAS SO\OpenJDK21U-jdk_x64_windows_hotspot_21.0.7_6 (1)\jdk-21.0.7+6\bin\extnet.dll
Event: 1.675 Loaded shared library D:\2025\SEMESTER 2\PROJECT UAS SO\OpenJDK21U-jdk_x64_windows_hotspot_21.0.7_6 (1)\jdk-21.0.7+6\bin\sunmscapi.dll

Deoptimization events (20 events):
Event: 11.358 Thread 0x0000016b7d86cd10 Uncommon trap: trap_request=0xffffffbe fr.pc=0x0000016b08003724 relative=0x0000000000000904
Event: 11.358 Thread 0x0000016b7d86cd10 Uncommon trap: reason=profile_predicate action=maybe_recompile pc=0x0000016b08003724 method=org.objectweb.asm.MethodWriter.putFrame()V @ 253 c2
Event: 11.358 Thread 0x0000016b7d86cd10 DEOPT PACKING pc=0x0000016b08003724 sp=0x0000002de83fd2e0
Event: 11.358 Thread 0x0000016b7d86cd10 DEOPT UNPACKING pc=0x0000016b075846a2 sp=0x0000002de83fd250 mode 2
Event: 11.358 Thread 0x0000016b7d86cd10 Uncommon trap: trap_request=0xffffffbe fr.pc=0x0000016b08003724 relative=0x0000000000000904
Event: 11.358 Thread 0x0000016b7d86cd10 Uncommon trap: reason=profile_predicate action=maybe_recompile pc=0x0000016b08003724 method=org.objectweb.asm.MethodWriter.putFrame()V @ 253 c2
Event: 11.358 Thread 0x0000016b7d86cd10 DEOPT PACKING pc=0x0000016b08003724 sp=0x0000002de83fd2e0
Event: 11.358 Thread 0x0000016b7d86cd10 DEOPT UNPACKING pc=0x0000016b075846a2 sp=0x0000002de83fd250 mode 2
Event: 11.505 Thread 0x0000016b7eb07710 Uncommon trap: trap_request=0xffffff45 fr.pc=0x0000016b0801128c relative=0x000000000000400c
Event: 11.505 Thread 0x0000016b7eb07710 Uncommon trap: reason=unstable_if action=reinterpret pc=0x0000016b0801128c method=org.objectweb.asm.ClassWriter.toByteArray()[B @ 730 c2
Event: 11.505 Thread 0x0000016b7eb07710 DEOPT PACKING pc=0x0000016b0801128c sp=0x0000002de57f6cf0
Event: 11.505 Thread 0x0000016b7eb07710 DEOPT UNPACKING pc=0x0000016b075846a2 sp=0x0000002de57f6c80 mode 2
Event: 11.794 Thread 0x0000016b7d86ede0 Uncommon trap: trap_request=0xffffff45 fr.pc=0x0000016b0800c5b0 relative=0x0000000000000170
Event: 11.794 Thread 0x0000016b7d86ede0 Uncommon trap: reason=unstable_if action=reinterpret pc=0x0000016b0800c5b0 method=org.objectweb.asm.Type.hashCode()I @ 8 c2
Event: 11.794 Thread 0x0000016b7d86ede0 DEOPT PACKING pc=0x0000016b0800c5b0 sp=0x0000002de7ffd330
Event: 11.794 Thread 0x0000016b7d86ede0 DEOPT UNPACKING pc=0x0000016b075846a2 sp=0x0000002de7ffd2b0 mode 2
Event: 11.895 Thread 0x0000016b7d86ede0 DEOPT PACKING pc=0x0000016b0026c752 sp=0x0000002de7ffdc10
Event: 11.895 Thread 0x0000016b7d86ede0 DEOPT UNPACKING pc=0x0000016b07584e42 sp=0x0000002de7ffd0d8 mode 0
Event: 11.958 Thread 0x0000016b7d86c680 DEOPT PACKING pc=0x0000016b00405c32 sp=0x0000002de7efdf80
Event: 11.958 Thread 0x0000016b7d86c680 DEOPT UNPACKING pc=0x0000016b07584e42 sp=0x0000002de7efd440 mode 0

Classes loaded (20 events):
Event: 10.013 Loading class java/util/Collections$UnmodifiableSortedMap
Event: 10.013 Loading class java/util/Collections$UnmodifiableSortedMap done
Event: 10.015 Loading class java/util/zip/Deflater
Event: 10.016 Loading class java/util/zip/Deflater done
Event: 10.016 Loading class java/util/zip/Deflater$DeflaterZStreamRef
Event: 10.016 Loading class java/util/zip/Deflater$DeflaterZStreamRef done
Event: 10.020 Loading class java/util/PriorityQueue
Event: 10.020 Loading class java/util/PriorityQueue done
Event: 10.023 Loading class sun/misc/Unsafe
Event: 10.024 Loading class sun/misc/Unsafe done
Event: 10.041 Loading class java/util/zip/ZipFile$ZipEntryIterator
Event: 10.042 Loading class java/util/zip/ZipFile$ZipEntryIterator done
Event: 10.045 Loading class java/util/regex/Pattern$Caret
Event: 10.045 Loading class java/util/regex/Pattern$Caret done
Event: 10.149 Loading class java/nio/StringCharBuffer
Event: 10.151 Loading class java/nio/StringCharBuffer done
Event: 11.647 Loading class java/util/concurrent/LinkedBlockingDeque$Itr
Event: 11.647 Loading class java/util/concurrent/LinkedBlockingDeque$AbstractItr
Event: 11.648 Loading class java/util/concurrent/LinkedBlockingDeque$AbstractItr done
Event: 11.648 Loading class java/util/concurrent/LinkedBlockingDeque$Itr done

Classes unloaded (0 events):
No events

Classes redefined (0 events):
No events

Internal exceptions (20 events):
Event: 9.871 Thread 0x0000016b7eb07710 Exception <a 'sun/nio/fs/WindowsException'{0x000000008458b4a8}> (0x000000008458b4a8) 
thrown [s\src\hotspot\share\prims\jni.cpp, line 520]
Event: 9.871 Thread 0x0000016b7eb07710 Exception <a 'sun/nio/fs/WindowsException'{0x000000008458cc40}> (0x000000008458cc40) 
thrown [s\src\hotspot\share\prims\jni.cpp, line 520]
Event: 9.871 Thread 0x0000016b7eb07710 Exception <a 'sun/nio/fs/WindowsException'{0x000000008458e398}> (0x000000008458e398) 
thrown [s\src\hotspot\share\prims\jni.cpp, line 520]
Event: 9.872 Thread 0x0000016b7eb07710 Exception <a 'sun/nio/fs/WindowsException'{0x000000008458faf8}> (0x000000008458faf8) 
thrown [s\src\hotspot\share\prims\jni.cpp, line 520]
Event: 9.888 Thread 0x0000016b7eb07710 Exception <a 'java/lang/NoSuchMethodError'{0x0000000084493800}: 'java.lang.Object java.lang.invoke.Invokers$Holder.invoker(java.lang.Object, java.lang.Object, java.lang.Object, java.lang.Object, java.lang.Object, java.lang.Object)'> (0x0000000084493800) 
thrown [s\src\hotspot\share\interpreter\linkResolver.cpp, line 773]
Event: 9.906 Thread 0x0000016b7eb07710 Exception <a 'java/lang/NoSuchMethodError'{0x0000000084345c60}: 'java.lang.Object java.lang.invoke.Invokers$Holder.invoker(java.lang.Object, java.lang.Object, java.lang.Object, java.lang.Object, java.lang.Object, java.lang.Object, java.lang.Object, java.lang.Object, java.lang.Object, java.lang.Object, java.lang.Object, java.lang.Object, java.lang.Object, java.lang.Object, java.lang.Object, java.lang.Object, java.lang.Object, java.lang.Object, java.lang.Object, java.lang.Object, java.lang.Object, java.lang.
Event: 9.906 Thread 0x0000016b7eb07710 Exception <a 'java/lang/NoSuchMethodError'{0x000000008434cb88}: 'java.lang.Object java.lang.invoke.DelegatingMethodHandle$Holder.delegate(java.lang.Object, java.lang.Object, java.lang.Object, java.lang.Object, java.lang.Object, java.lang.Object, java.lang.Object, java.lang.Object, java.lang.Object, java.lang.Object, java.lang.Object, java.lang.Object, java.lang.Object, java.lang.Object, java.lang.Object, java.lang.Object, java.lang.Object, java.lang.Object, java.lang.Object, java.lang.Object, java.lang.Obj
Event: 9.940 Thread 0x0000016b7eb07710 Exception <a 'java/lang/NoSuchMethodError'{0x00000000841bb610}: 'java.lang.Object java.lang.invoke.DirectMethodHandle$Holder.invokeStatic(java.lang.Object, java.lang.Object, java.lang.Object, java.lang.Object, java.lang.Object, java.lang.Object, int, java.lang.Object)'> (0x00000000841bb610) 
thrown [s\src\hotspot\share\interpreter\linkResolver.cpp, line 773]
Event: 9.941 Thread 0x0000016b7eb07710 Exception <a 'java/lang/NoSuchMethodError'{0x00000000841c4f30}: 'java.lang.Object java.lang.invoke.DirectMethodHandle$Holder.newInvokeSpecial(java.lang.Object, java.lang.Object, java.lang.Object, java.lang.Object, java.lang.Object, java.lang.Object, int)'> (0x00000000841c4f30) 
thrown [s\src\hotspot\share\interpreter\linkResolver.cpp, line 773]
Event: 9.942 Thread 0x0000016b7eb07710 Exception <a 'java/lang/NoSuchMethodError'{0x00000000841c98e0}: 'java.lang.Object java.lang.invoke.DirectMethodHandle$Holder.invokeSpecial(java.lang.Object, java.lang.Object, java.lang.Object, java.lang.Object, java.lang.Object, java.lang.Object, java.lang.Object, int)'> (0x00000000841c98e0) 
thrown [s\src\hotspot\share\interpreter\linkResolver.cpp, line 773]
Event: 9.942 Thread 0x0000016b7eb07710 Exception <a 'java/lang/NoSuchMethodError'{0x00000000841cdaa0}: 'java.lang.Object java.lang.invoke.Invokers$Holder.linkToTargetMethod(java.lang.Object, java.lang.Object, java.lang.Object, java.lang.Object, java.lang.Object, int, java.lang.Object)'> (0x00000000841cdaa0) 
thrown [s\src\hotspot\share\interpreter\linkResolver.cpp, line 773]
Event: 10.004 Thread 0x0000016b7eb07710 Exception <a 'sun/nio/fs/WindowsException'{0x0000000088ceea30}> (0x0000000088ceea30) 
thrown [s\src\hotspot\share\prims\jni.cpp, line 520]
Event: 10.005 Thread 0x0000016b7eb07710 Exception <a 'sun/nio/fs/WindowsException'{0x0000000088cf02a8}> (0x0000000088cf02a8) 
thrown [s\src\hotspot\share\prims\jni.cpp, line 520]
Event: 10.043 Thread 0x0000016b7d86c680 Implicit null exception at 0x0000016b07cb57fa to 0x0000016b07cb63f0
Event: 10.043 Thread 0x0000016b7d86e0c0 Implicit null exception at 0x0000016b07cb57fa to 0x0000016b07cb63f0
Event: 10.043 Thread 0x0000016b7d86ede0 Implicit null exception at 0x0000016b07cb57fa to 0x0000016b07cb63f0
Event: 10.043 Thread 0x0000016b7fa44db0 Implicit null exception at 0x0000016b07cb57fa to 0x0000016b07cb63f0
Event: 10.043 Thread 0x0000016b7d86da30 Implicit null exception at 0x0000016b07cb57fa to 0x0000016b07cb63f0
Event: 10.043 Thread 0x0000016b7d86d3a0 Implicit null exception at 0x0000016b07cb57fa to 0x0000016b07cb63f0
Event: 10.155 Thread 0x0000016b7fa44720 Implicit null exception at 0x0000016b07be94ab to 0x0000016b07be956c

ZGC Phase Switch (0 events):
No events

VM Operations (20 events):
Event: 11.653 Executing VM operation: G1CollectForAllocation (G1 Evacuation Pause) done
Event: 11.653 Executing VM operation: G1CollectForAllocation (GCLocker Initiated GC)
Event: 11.657 Executing VM operation: G1CollectForAllocation (GCLocker Initiated GC) done
Event: 11.661 Executing VM operation: HandshakeAllThreads (Deoptimize)
Event: 11.672 Executing VM operation: HandshakeAllThreads (Deoptimize) done
Event: 11.676 Executing VM operation: HandshakeAllThreads (Deoptimize)
Event: 11.692 Executing VM operation: HandshakeAllThreads (Deoptimize) done
Event: 11.752 Executing VM operation: G1CollectForAllocation (G1 Evacuation Pause)
Event: 11.752 Executing VM operation: G1CollectForAllocation (G1 Evacuation Pause) done
Event: 11.752 Executing VM operation: G1CollectForAllocation (GCLocker Initiated GC)
Event: 11.756 Executing VM operation: G1CollectForAllocation (GCLocker Initiated GC) done
Event: 11.844 Executing VM operation: G1CollectForAllocation (G1 Evacuation Pause)
Event: 11.844 Executing VM operation: G1CollectForAllocation (G1 Evacuation Pause) done
Event: 11.844 Executing VM operation: G1CollectForAllocation (GCLocker Initiated GC)
Event: 11.848 Executing VM operation: G1CollectForAllocation (GCLocker Initiated GC) done
Event: 11.938 Executing VM operation: G1CollectForAllocation (G1 Evacuation Pause)
Event: 11.939 Executing VM operation: G1CollectForAllocation (G1 Evacuation Pause) done
Event: 11.939 Executing VM operation: G1CollectForAllocation (GCLocker Initiated GC)
Event: 11.943 Executing VM operation: G1CollectForAllocation (GCLocker Initiated GC) done
Event: 12.032 Executing VM operation: G1CollectForAllocation (G1 Evacuation Pause)

Memory protections (0 events):
No events

Nmethod flushes (20 events):
Event: 4.555 Thread 0x0000016b7b976af0 flushing  nmethod 0x0000016b002fb790
Event: 4.555 Thread 0x0000016b7b976af0 flushing  nmethod 0x0000016b002fc390
Event: 4.555 Thread 0x0000016b7b976af0 flushing  nmethod 0x0000016b002fd010
Event: 4.555 Thread 0x0000016b7b976af0 flushing  nmethod 0x0000016b00340410
Event: 4.555 Thread 0x0000016b7b976af0 flushing  nmethod 0x0000016b00341c90
Event: 4.555 Thread 0x0000016b7b976af0 flushing  nmethod 0x0000016b00344e10
Event: 4.555 Thread 0x0000016b7b976af0 flushing  nmethod 0x0000016b0035b710
Event: 4.555 Thread 0x0000016b7b976af0 flushing  nmethod 0x0000016b003c4d90
Event: 4.555 Thread 0x0000016b7b976af0 flushing  nmethod 0x0000016b004be510
Event: 4.555 Thread 0x0000016b7b976af0 flushing  nmethod 0x0000016b004c4a10
Event: 4.555 Thread 0x0000016b7b976af0 flushing  nmethod 0x0000016b000db710
Event: 4.555 Thread 0x0000016b7b976af0 flushing  nmethod 0x0000016b000dba90
Event: 4.555 Thread 0x0000016b7b976af0 flushing  nmethod 0x0000016b000dca10
Event: 4.555 Thread 0x0000016b7b976af0 flushing  nmethod 0x0000016b000e1090
Event: 4.555 Thread 0x0000016b7b976af0 flushing  nmethod 0x0000016b000e6b90
Event: 4.555 Thread 0x0000016b7b976af0 flushing  nmethod 0x0000016b00138990
Event: 4.555 Thread 0x0000016b7b976af0 flushing  nmethod 0x0000016b00139690
Event: 4.555 Thread 0x0000016b7b976af0 flushing  nmethod 0x0000016b00139f90
Event: 4.555 Thread 0x0000016b7b976af0 flushing  nmethod 0x0000016b0013a690
Event: 4.555 Thread 0x0000016b7b976af0 flushing  nmethod 0x0000016b0013ec10

Events (20 events):
Event: 8.593 Thread 0x0000016b7c3cea40 Thread added: 0x0000016b5477e180
Event: 8.859 Thread 0x0000016b7eb07710 Thread added: 0x0000016b7fa3f1d0
Event: 9.054 Thread 0x0000016b7eb07710 Thread added: 0x0000016b7fa42ce0
Event: 9.282 Thread 0x0000016b7eb07710 Thread added: 0x0000016b7fa3f860
Event: 9.392 Thread 0x0000016b7eb07710 Thread added: 0x0000016b7fa45440
Event: 9.473 Thread 0x0000016b7eb07710 Thread added: 0x0000016b7fa43370
Event: 9.552 Thread 0x0000016b7eb07710 Thread added: 0x0000016b7fa45ad0
Event: 9.604 Thread 0x0000016b7eb07710 Thread added: 0x0000016b7fa43a00
Event: 10.027 Thread 0x0000016b7eb07710 Thread added: 0x0000016b7fa44720
Event: 10.033 Thread 0x0000016b7eb07710 Thread added: 0x0000016b7fa44090
Event: 10.033 Thread 0x0000016b7eb07710 Thread added: 0x0000016b7fa44db0
Event: 10.033 Thread 0x0000016b7eb07710 Thread added: 0x0000016b7d86d3a0
Event: 10.033 Thread 0x0000016b7eb07710 Thread added: 0x0000016b7d86da30
Event: 10.033 Thread 0x0000016b7eb07710 Thread added: 0x0000016b7d86c680
Event: 10.033 Thread 0x0000016b7eb07710 Thread added: 0x0000016b7d86ede0
Event: 10.033 Thread 0x0000016b7eb07710 Thread added: 0x0000016b7d86b960
Event: 10.034 Thread 0x0000016b7eb07710 Thread added: 0x0000016b7d86bff0
Event: 10.034 Thread 0x0000016b7eb07710 Thread added: 0x0000016b7d86e0c0
Event: 10.034 Thread 0x0000016b7eb07710 Thread added: 0x0000016b7d86cd10
Event: 10.034 Thread 0x0000016b7eb07710 Thread added: 0x0000016b7d86e750


Dynamic libraries:
0x00007ff61b450000 - 0x00007ff61b45e000 	D:\2025\SEMESTER 2\PROJECT UAS SO\OpenJDK21U-jdk_x64_windows_hotspot_21.0.7_6 (1)\jdk-21.0.7+6\bin\java.exe
0x00007ff8a6180000 - 0x00007ff8a63e7000 	C:\WINDOWS\SYSTEM32\ntdll.dll
0x00007ff8a4520000 - 0x00007ff8a45eb000 	C:\WINDOWS\System32\KERNEL32.DLL
0x00007ff8a39a0000 - 0x00007ff8a3da2000 	C:\WINDOWS\System32\KERNELBASE.dll
0x00007ff8a3840000 - 0x00007ff8a398c000 	C:\WINDOWS\System32\ucrtbase.dll
0x00007ff879c60000 - 0x00007ff879c78000 	D:\2025\SEMESTER 2\PROJECT UAS SO\OpenJDK21U-jdk_x64_windows_hotspot_21.0.7_6 (1)\jdk-21.0.7+6\bin\jli.dll
0x00007ff879980000 - 0x00007ff87999e000 	D:\2025\SEMESTER 2\PROJECT UAS SO\OpenJDK21U-jdk_x64_windows_hotspot_21.0.7_6 (1)\jdk-21.0.7+6\bin\VCRUNTIME140.dll
0x00007ff8a5b30000 - 0x00007ff8a5cff000 	C:\WINDOWS\System32\USER32.dll
0x00007ff881a60000 - 0x00007ff881cf0000 	C:\WINDOWS\WinSxS\amd64_microsoft.windows.common-controls_6595b64144ccf1df_6.0.26100.9278_none_3e0d1ba8e3303201\COMCTL32.dll
0x00007ff8a3db0000 - 0x00007ff8a3dd7000 	C:\WINDOWS\System32\win32u.dll
0x00007ff8a5da0000 - 0x00007ff8a5e49000 	C:\WINDOWS\System32\msvcrt.dll
0x00007ff8a6090000 - 0x00007ff8a60bb000 	C:\WINDOWS\System32\GDI32.dll
0x00007ff8a3710000 - 0x00007ff8a3839000 	C:\WINDOWS\System32\gdi32full.dll
0x00007ff8a3380000 - 0x00007ff8a3423000 	C:\WINDOWS\System32\msvcp_win.dll
0x00007ff8a5af0000 - 0x00007ff8a5b21000 	C:\WINDOWS\System32\IMM32.DLL
0x00007ff879e90000 - 0x00007ff879f82000 	D:\Windhawk\Engine\1.7.3\64\windhawk.dll
0x00007ff8a3f60000 - 0x00007ff8a401c000 	C:\WINDOWS\System32\ADVAPI32.dll
0x00007ff8a3ea0000 - 0x00007ff8a3f49000 	C:\WINDOWS\System32\sechost.dll
0x00007ff8a5800000 - 0x00007ff8a5918000 	C:\WINDOWS\System32\RPCRT4.dll
0x00007ff879bf0000 - 0x00007ff879c1a000 	C:\ProgramData\Windhawk\Engine\Mods\64\macos-minimize-animation_3.1.5_928735.dll
0x00007ff8a5e50000 - 0x00007ff8a5fea000 	C:\WINDOWS\System32\ole32.dll
0x00007ff8a4030000 - 0x00007ff8a43b5000 	C:\WINDOWS\System32\combase.dll
0x00007ff8a0190000 - 0x00007ff8a01bf000 	C:\WINDOWS\SYSTEM32\dwmapi.dll
0x00007ff89e980000 - 0x00007ff89efba000 	C:\WINDOWS\SYSTEM32\d2d1.dll
0x00007ff8a5930000 - 0x00007ff8a5a09000 	C:\WINDOWS\System32\OLEAUT32.dll
0x00007ff8a4e20000 - 0x00007ff8a55b8000 	C:\WINDOWS\System32\SHELL32.dll
0x00007ff879a40000 - 0x00007ff879be9000 	C:\ProgramData\Windhawk\Engine\Mods\64\libc++.whl
0x00007ff879a00000 - 0x00007ff879a3a000 	C:\ProgramData\Windhawk\Engine\Mods\64\libunwind.whl
0x00007ff88b280000 - 0x00007ff88b28c000 	D:\2025\SEMESTER 2\PROJECT UAS SO\OpenJDK21U-jdk_x64_windows_hotspot_21.0.7_6 (1)\jdk-21.0.7+6\bin\vcruntime140_1.dll
0x00007ff81d870000 - 0x00007ff81d8fd000 	D:\2025\SEMESTER 2\PROJECT UAS SO\OpenJDK21U-jdk_x64_windows_hotspot_21.0.7_6 (1)\jdk-21.0.7+6\bin\msvcp140.dll
0x00007fffc1c00000 - 0x00007fffc2990000 	D:\2025\SEMESTER 2\PROJECT UAS SO\OpenJDK21U-jdk_x64_windows_hotspot_21.0.7_6 (1)\jdk-21.0.7+6\bin\server\jvm.dll
0x00007ff8a5a10000 - 0x00007ff8a5a90000 	C:\WINDOWS\System32\WS2_32.dll
0x00007ff8a2a50000 - 0x00007ff8a2aae000 	C:\WINDOWS\SYSTEM32\POWRPROF.dll
0x00007ff895050000 - 0x00007ff895086000 	C:\WINDOWS\SYSTEM32\WINMM.dll
0x00007ff898940000 - 0x00007ff89894b000 	C:\WINDOWS\SYSTEM32\VERSION.dll
0x00007ff8a2a10000 - 0x00007ff8a2a25000 	C:\WINDOWS\SYSTEM32\UMPDC.dll
0x00007ff8a2040000 - 0x00007ff8a205b000 	C:\WINDOWS\SYSTEM32\kernel.appcore.dll
0x00007ff88ad20000 - 0x00007ff88ad2a000 	D:\2025\SEMESTER 2\PROJECT UAS SO\OpenJDK21U-jdk_x64_windows_hotspot_21.0.7_6 (1)\jdk-21.0.7+6\bin\jimage.dll
0x00007ff8a07e0000 - 0x00007ff8a0a2c000 	C:\WINDOWS\SYSTEM32\DBGHELP.DLL
0x00007ff86d620000 - 0x00007ff86d65b000 	C:\WINDOWS\SYSTEM32\dbgcore.DLL
0x00007ff8a3de0000 - 0x00007ff8a3e8c000 	C:\WINDOWS\System32\bcryptPrimitives.dll
0x00007ff88abe0000 - 0x00007ff88abef000 	D:\2025\SEMESTER 2\PROJECT UAS SO\OpenJDK21U-jdk_x64_windows_hotspot_21.0.7_6 (1)\jdk-21.0.7+6\bin\instrument.dll
0x00007ff8793b0000 - 0x00007ff8793cf000 	D:\2025\SEMESTER 2\PROJECT UAS SO\OpenJDK21U-jdk_x64_windows_hotspot_21.0.7_6 (1)\jdk-21.0.7+6\bin\java.dll
0x00007ff8a0dc0000 - 0x00007ff8a166e000 	C:\WINDOWS\SYSTEM32\windows.storage.dll
0x00007ff8a5680000 - 0x00007ff8a577b000 	C:\WINDOWS\System32\SHCORE.dll
0x00007ff8a5d30000 - 0x00007ff8a5d96000 	C:\WINDOWS\System32\shlwapi.dll
0x00007ff8a32a0000 - 0x00007ff8a32c9000 	C:\WINDOWS\SYSTEM32\profapi.dll
0x00007ff81d410000 - 0x00007ff81d4e7000 	D:\2025\SEMESTER 2\PROJECT UAS SO\OpenJDK21U-jdk_x64_windows_hotspot_21.0.7_6 (1)\jdk-21.0.7+6\bin\jsvml.dll
0x00007ff879390000 - 0x00007ff8793a8000 	D:\2025\SEMESTER 2\PROJECT UAS SO\OpenJDK21U-jdk_x64_windows_hotspot_21.0.7_6 (1)\jdk-21.0.7+6\bin\zip.dll
0x00007ff88a630000 - 0x00007ff88a640000 	D:\2025\SEMESTER 2\PROJECT UAS SO\OpenJDK21U-jdk_x64_windows_hotspot_21.0.7_6 (1)\jdk-21.0.7+6\bin\net.dll
0x00007ff89a880000 - 0x00007ff89a9aa000 	C:\WINDOWS\SYSTEM32\WINHTTP.dll
0x00007ff8a2680000 - 0x00007ff8a26ec000 	C:\WINDOWS\system32\mswsock.dll
0x00007ff86b640000 - 0x00007ff86b656000 	D:\2025\SEMESTER 2\PROJECT UAS SO\OpenJDK21U-jdk_x64_windows_hotspot_21.0.7_6 (1)\jdk-21.0.7+6\bin\nio.dll
0x00007ff889aa0000 - 0x00007ff889ab0000 	D:\2025\SEMESTER 2\PROJECT UAS SO\OpenJDK21U-jdk_x64_windows_hotspot_21.0.7_6 (1)\jdk-21.0.7+6\bin\verify.dll
0x00007fffd8730000 - 0x00007fffd8757000 	C:\Users\HP\.gradle\native\660c5614fbf4a5f2a75b1949f50a0caf5cd603558e7d8a26e50b933a0cfb79d1\windows-amd64\native-platform.dll
0x00007ff8216a0000 - 0x00007ff821717000 	C:\Users\HP\.gradle\native\0.2.8\x86_64-windows-gnu\gradle-fileevents.dll
0x00007ff87d490000 - 0x00007ff87d49a000 	D:\2025\SEMESTER 2\PROJECT UAS SO\OpenJDK21U-jdk_x64_windows_hotspot_21.0.7_6 (1)\jdk-21.0.7+6\bin\management.dll
0x00007ff87a620000 - 0x00007ff87a62b000 	D:\2025\SEMESTER 2\PROJECT UAS SO\OpenJDK21U-jdk_x64_windows_hotspot_21.0.7_6 (1)\jdk-21.0.7+6\bin\management_ext.dll
0x00007ff8a5920000 - 0x00007ff8a5928000 	C:\WINDOWS\System32\PSAPI.DLL
0x00007ff8a1a00000 - 0x00007ff8a1a33000 	C:\WINDOWS\SYSTEM32\IPHLPAPI.DLL
0x00007ff8a5ff0000 - 0x00007ff8a5ffa000 	C:\WINDOWS\System32\NSI.dll
0x00007ff879f90000 - 0x00007ff879f99000 	D:\2025\SEMESTER 2\PROJECT UAS SO\OpenJDK21U-jdk_x64_windows_hotspot_21.0.7_6 (1)\jdk-21.0.7+6\bin\extnet.dll
0x00007ff8a2990000 - 0x00007ff8a29ab000 	C:\WINDOWS\SYSTEM32\CRYPTSP.dll
0x00007ff8a1fa0000 - 0x00007ff8a1fd9000 	C:\WINDOWS\system32\rsaenh.dll
0x00007ff8a2730000 - 0x00007ff8a2764000 	C:\WINDOWS\SYSTEM32\USERENV.dll
0x00007ff8a3270000 - 0x00007ff8a329a000 	C:\WINDOWS\SYSTEM32\bcrypt.dll
0x00007ff8a29b0000 - 0x00007ff8a29bc000 	C:\WINDOWS\SYSTEM32\CRYPTBASE.dll
0x00007ff879c50000 - 0x00007ff879c5e000 	D:\2025\SEMESTER 2\PROJECT UAS SO\OpenJDK21U-jdk_x64_windows_hotspot_21.0.7_6 (1)\jdk-21.0.7+6\bin\sunmscapi.dll
0x00007ff8a3430000 - 0x00007ff8a35ae000 	C:\WINDOWS\System32\CRYPT32.dll
0x00007ff8a2c60000 - 0x00007ff8a2c90000 	C:\WINDOWS\SYSTEM32\ncrypt.dll
0x00007ff8a2c10000 - 0x00007ff8a2c4f000 	C:\WINDOWS\SYSTEM32\NTASN1.dll
0x00007ff879040000 - 0x00007ff879048000 	C:\WINDOWS\system32\wshunix.dll
0x00007ff8a21e0000 - 0x00007ff8a2216000 	C:\WINDOWS\SYSTEM32\ntmarta.dll

dbghelp: loaded successfully - version: 4.0.5 - missing functions: none
symbol engine: initialized successfully - sym options: 0x614 - pdb path: .;D:\2025\SEMESTER 2\PROJECT UAS SO\OpenJDK21U-jdk_x64_windows_hotspot_21.0.7_6 (1)\jdk-21.0.7+6\bin;C:\WINDOWS\SYSTEM32;C:\WINDOWS\WinSxS\amd64_microsoft.windows.common-controls_6595b64144ccf1df_6.0.26100.9278_none_3e0d1ba8e3303201;D:\Windhawk\Engine\1.7.3\64;C:\ProgramData\Windhawk\Engine\Mods\64;D:\2025\SEMESTER 2\PROJECT UAS SO\OpenJDK21U-jdk_x64_windows_hotspot_21.0.7_6 (1)\jdk-21.0.7+6\bin\server;C:\Users\HP\.gradle\native\660c5614fbf4a5f2a75b1949f50a0caf5cd603558e7d8a26e50b933a0cfb79d1\windows-amd64;C:\Users\HP\.gradle\native\0.2.8\x86_64-windows-gnu

VM Arguments:
jvm_args: --add-opens=java.base/java.lang=ALL-UNNAMED --add-opens=java.base/java.lang.invoke=ALL-UNNAMED --add-opens=java.base/java.util=ALL-UNNAMED --add-opens=java.prefs/java.util.prefs=ALL-UNNAMED --add-exports=jdk.compiler/com.sun.tools.javac.api=ALL-UNNAMED --add-exports=jdk.compiler/com.sun.tools.javac.util=ALL-UNNAMED --add-opens=java.base/java.nio.charset=ALL-UNNAMED --add-opens=java.base/java.net=ALL-UNNAMED --add-opens=java.base/java.util.concurrent=ALL-UNNAMED --add-opens=java.base/java.util.concurrent.atomic=ALL-UNNAMED --add-opens=java.xml/javax.xml.namespace=ALL-UNNAMED --add-opens=java.base/java.time=ALL-UNNAMED -Xmx2048m -Dfile.encoding=UTF-8 -Duser.country=ID -Duser.language=en -Duser.variant -javaagent:C:\Users\HP\.gradle\wrapper\dists\gradle-9.5.0-bin\bvnork1r7n8i6kp5cnkibsc9q\gradle-9.5.0\lib\agents\gradle-instrumentation-agent-9.5.0.jar 
java_command: org.gradle.launcher.daemon.bootstrap.GradleDaemon 9.5.0
java_class_path (initial): C:\Users\HP\.gradle\wrapper\dists\gradle-9.5.0-bin\bvnork1r7n8i6kp5cnkibsc9q\gradle-9.5.0\lib\gradle-daemon-main-9.5.0.jar
Launcher Type: SUN_STANDARD

[Global flags]
     intx CICompilerCount                          = 4                                         {product} {ergonomic}
     uint ConcGCThreads                            = 3                                         {product} {ergonomic}
     uint G1ConcRefinementThreads                  = 10                                        {product} {ergonomic}
   size_t G1HeapRegionSize                         = 1048576                                   {product} {ergonomic}
    uintx GCDrainStackTargetSize                   = 64                                        {product} {ergonomic}
   size_t InitialHeapSize                          = 264241152                                 {product} {ergonomic}
   size_t MarkStackSize                            = 4194304                                   {product} {ergonomic}
   size_t MaxHeapSize                              = 2147483648                                {product} {command line}
   size_t MaxNewSize                               = 1287651328                                {product} {ergonomic}
   size_t MinHeapDeltaBytes                        = 1048576                                   {product} {ergonomic}
   size_t MinHeapSize                              = 8388608                                   {product} {ergonomic}
    uintx NonNMethodCodeHeapSize                   = 5839372                                {pd product} {ergonomic}
    uintx NonProfiledCodeHeapSize                  = 122909434                              {pd product} {ergonomic}
    uintx ProfiledCodeHeapSize                     = 122909434                              {pd product} {ergonomic}
    uintx ReservedCodeCacheSize                    = 251658240                              {pd product} {ergonomic}
     bool SegmentedCodeCache                       = true                                      {product} {ergonomic}
   size_t SoftMaxHeapSize                          = 2147483648                             {manageable} {ergonomic}
     bool UseCompressedOops                        = true                           {product lp64_product} {ergonomic}
     bool UseG1GC                                  = true                                      {product} {ergonomic}
     bool UseLargePagesIndividualAllocation        = false                                  {pd product} {ergonomic}

Logging:
Log output configuration:
 #0: stdout all=warning uptime,level,tags foldmultilines=false
 #1: stderr all=off uptime,level,tags foldmultilines=false

Environment Variables:
PATH=C:\oraclexe\app\oracle\product\10.2.0\server\bin;C:\Python313\Scripts\;C:\Python313\;C:\Program Files (x86)\Common Files\Intel\Shared Libraries\redist\intel64\compiler;C:\windows\system32;C:\windows;C:\windows\System32\Wbem;C:\windows\System32\WindowsPowerShell\v1.0\;C:\windows\System32\OpenSSH\;C:\Program Files (x86)\NVIDIA Corporation\PhysX\Common;C:\Program Files\NVIDIA Corporation\NVIDIA NvDLISR;C:\Users\HP\Downloads\MinGW\bin;C:\WINDOWS\system32;C:\WINDOWS;C:\WINDOWS\System32\Wbem;C:\WINDOWS\System32\WindowsPowerShell\v1.0\;C:\WINDOWS\System32\OpenSSH\;C:\Program Files\nodejs\;C:\ProgramData\chocolatey\bin;D:\Git\cmd;C:\xampp\php;C:\ProgramData\ComposerSetup\bin;C:\Users\HP\.config\herd\bin\nvm;C:\Program Files\nodejs;D:\laragon\bin\php\php-8.4.22-Win32-vs17-x64;D:\laragon\bin\php\php-8.4.22;C:\Users\HP\AppData\Local\Yarn\config\global\node_modules\.bin;C:\Users\HP\AppData\Roaming\Composer\vendor\bin;C:\Users\HP\AppData\Roaming\npm;D:\laragon\bin\composer;D:\laragon\bin\git\bin;D:\laragon\bin\git\cmd;D:\laragon\bin\git\mingw64\bin;D:\laragon\bin\git\usr\bin;D:\laragon\bin\mysql\mysql-8.4.3-winx64\bin;D:\laragon\bin\ngrok;D:\laragon\bin\nodejs\node-v22;D:\laragon\bin\php\php-8.4.22;D:\laragon\bin\python\python-3.13;D:\laragon\bin\python\python-3.13\Scripts;D:\laragon\usr\bin;C:\Users\HP\.local\bin;C:\Users\HP\.config\herd\bin;C:\Users\HP\AppData\Local\Microsoft\WindowsApps;C:\Users\HP\AppData\Local\Programs\Microsoft VS Code\bin;C:\Program Files\nodejs\node_modules\npm\bin;D:\2025\SEMESTER 2\PROJECT UAS SO\apache-maven-3.9.10-bin\apache-maven-3.9.10\bin;D:\2025\SEMESTER 2\PROJECT UAS SO\OpenJDK21U-jdk_x64_windows_hotspot_21.0.7_6 (1)\jdk-21.0.7+6\bin;D:\2025\SEMESTER 2\PROJECT UAS SO\OpenJDK21U-jre_x64_windows_hotspot_21.0.7_6\jdk-21.0.7+6-jre\bin;D:\IntelliJ IDEA Community Edition 2025.2.1\bin;D:\Antigravity IDE\bin
USERNAME=HP
OS=Windows_NT
PROCESSOR_IDENTIFIER=Intel64 Family 6 Model 154 Stepping 3, GenuineIntel
TMP=C:\Users\HP\AppData\Local\Temp
TEMP=C:\Users\HP\AppData\Local\Temp




Periodic native trim disabled

---------------  S Y S T E M  ---------------

OS:
 Windows 11 , 64 bit Build 26100 (10.0.26100.9444)
OS uptime: 3 days 8:26 hours
Hyper-V role detected

CPU: total 12 (initial active 12) (6 cores per cpu, 2 threads per core) family 6 model 154 stepping 3 microcode 0x434, cx8, cmov, fxsr, ht, mmx, 3dnowpref, sse, sse2, sse3, ssse3, sse4.1, sse4.2, popcnt, lzcnt, tsc, tscinvbit, avx, avx2, aes, erms, clmul, bmi1, bmi2, adx, sha, fma, vzeroupper, clflush, clflushopt, clwb, hv, serialize, rdtscp, rdpid, fsrm, f16c, cet_ibt, cet_ss
Processor Information for processor 0
  Max Mhz: 2000, Current Mhz: 2000, Mhz Limit: 2000
Processor Information for processor 1
  Max Mhz: 2000, Current Mhz: 2000, Mhz Limit: 2000
Processor Information for processor 2
  Max Mhz: 2000, Current Mhz: 2000, Mhz Limit: 2000
Processor Information for processor 3
  Max Mhz: 2000, Current Mhz: 2000, Mhz Limit: 2000
Processor Information for processor 4
  Max Mhz: 2000, Current Mhz: 2000, Mhz Limit: 2000
Processor Information for processor 5
  Max Mhz: 2000, Current Mhz: 2000, Mhz Limit: 2000
Processor Information for processor 6
  Max Mhz: 2000, Current Mhz: 2000, Mhz Limit: 2000
Processor Information for processor 7
  Max Mhz: 2000, Current Mhz: 2000, Mhz Limit: 2000
Processor Information for processor 8
  Max Mhz: 2000, Current Mhz: 1466, Mhz Limit: 2000
Processor Information for processor 9
  Max Mhz: 2000, Current Mhz: 2000, Mhz Limit: 2000
Processor Information for processor 10
  Max Mhz: 2000, Current Mhz: 2000, Mhz Limit: 2000
Processor Information for processor 11
  Max Mhz: 2000, Current Mhz: 2000, Mhz Limit: 2000

Memory: 4k page, system-wide physical 16052M (644M free)
TotalPageFile size 24244M (AvailPageFile size 40M)
current process WorkingSet (physical memory assigned to process): 605M, peak: 617M
current process commit charge ("private bytes"): 652M, peak: 720M

vm_info: OpenJDK 64-Bit Server VM (21.0.7+6-LTS) for windows-amd64 JRE (21.0.7+6-LTS), built on 2025-04-15T00:00:00Z by "admin" with MS VC++ 17.7 (VS2022)

END.
